episode,steps,X,Y,yaw,steer,throttle,action,reward,done,all_wheels_on_track,progress,closest_waypoint,track_len,tstamp,episode_status,pause_duration,obstacle_crash_counter
20,1.0,3.2681697269980443,1.4712904937244755,-179.80515521655224,0.0,2.4,3,0.0,False,True,0.558196603563688,1,25.106790570080385,62.099,prepare,0.0,0
20,2.0,3.26831610260318,1.4712045835790464,-179.76848290075242,-7.5,2.0,0,4.6754991695055335,False,True,0.5576172271671662,1,25.106790570080385,62.167,in_progress,0.0,0
20,3.0,3.2607969623449615,1.4714202067709141,-179.85857829543187,0.0,2.2,5,6.147897946753048,False,True,0.5875551546081978,1,25.106790570080385,62.233,in_progress,0.0,0
20,4.0,3.2402103885407003,1.4717158592066155,-179.9763699658742,15.0,1.6,16,2.9584077078935236,False,True,0.6695342468644667,1,25.106790570080385,62.3,in_progress,0.0,0
20,5.0,3.203995340730424,1.4679259503177788,-179.06184791116502,0.0,2.4,3,6.198226325720169,False,True,0.8139292426152757,2,25.106790570080385,62.375,in_progress,0.0,0
20,6.0,3.150902910828836,1.4624813773970473,-178.0703651595172,5.0,2.1,8,5.906730662877415,False,True,1.0256122916658834,2,25.106790570080385,62.435,in_progress,0.0,0
20,7.0,3.0882202414719577,1.4574669652748595,-177.37952024614742,-2.5,2.3,2,6.226382771901832,False,True,1.275472972006553,2,25.106790570080385,62.493,in_progress,0.0,0
20,8.0,3.0244125247288336,1.4550190454011134,-177.5062205854381,0.0,2.2,5,6.387147489224624,False,True,1.5297068068546564,3,25.106790570080385,62.556,in_progress,0.0,0
20,9.0,2.932585876010973,1.4510150361143979,-177.5554707267059,-7.5,2.0,0,4.35461903098386,False,True,1.89371393615855,3,25.106790570080385,62.628,in_progress,0.0,0
20,10.0,2.8244181748966266,1.4507432269600515,-178.4919043468164,-7.5,2.0,0,4.100817615811476,False,True,2.3244635123326916,3,25.106790570080385,62.698,in_progress,0.0,0
20,11.0,2.705605052062191,1.4584367129670353,179.1933004851839,10.0,1.7,11,2.4218143223949014,False,True,2.7981476726992285,4,25.106790570080385,62.77,in_progress,0.0,0
20,12.0,2.5841944226222537,1.462424230994619,178.8100878624726,-2.5,2.3,2,3.7620601536616545,False,True,3.2831930895712054,4,25.106790570080385,62.831,in_progress,0.0,0
20,13.0,2.4720791008774263,1.4553231284535226,-179.22070088405354,12.5,1.8,13,2.9711719004350448,False,True,3.7300512907804797,5,25.106790570080385,62.899,in_progress,0.0,0
20,14.0,2.3410040738179245,1.4377710531881915,-175.96040669013715,-7.5,2.0,0,4.1024699792977835,False,True,4.247286630703697,5,25.106790570080385,62.97,in_progress,0.0,0
20,15.0,2.218282467765885,1.4216058819753097,-174.43432482729662,0.0,2.3,4,5.8498608605133775,False,True,4.733764743970118,5,25.106790570080385,63.031,in_progress,0.0,0
20,16.0,2.080146663981188,1.4119249092313195,-175.23630384294404,0.0,2.3,4,5.425968243884829,False,True,5.282435282860168,6,25.106790570080385,63.098,in_progress,0.0,0
20,17.0,1.9434096255399462,1.4037518590177147,-175.94772274440746,0.0,2.3,4,4.913617305801256,False,True,5.754584865488503,6,25.106790570080385,63.16,in_progress,0.0,0
20,18.0,1.795191277162039,1.3969497502822927,-176.65587037196173,0.0,2.3,4,4.621091155630632,False,True,6.32335965631264,7,25.106790570080385,63.226,in_progress,0.0,0
20,19.0,1.6480605905351278,1.3921164202400191,-177.41540066359735,-2.5,2.3,2,3.9919409975995217,False,True,6.815617535734851,7,25.106790570080385,63.295,in_progress,0.0,0
20,20.0,1.5009069968220146,1.3899688971423678,-178.35467825486387,-2.5,2.3,2,3.7433572927087324,False,True,7.367257963737715,8,25.106790570080385,63.362,in_progress,0.0,0
20,21.0,1.3535459209141119,1.3936377280969854,-179.9499215863583,-2.5,2.3,2,3.329835467572373,False,True,8.217589994407087,8,25.106790570080385,63.432,in_progress,0.0,0
20,22.0,1.1867911482333684,1.4042819212748492,177.93324740605607,15.0,1.4,15,2.3201552620135013,False,True,9.314557489000412,9,25.106790570080385,63.5,in_progress,0.0,0
20,23.0,1.0555327258039917,1.4061320813785718,178.49228661161195,7.5,2.0,9,3.2712073015074883,False,True,9.801546869926888,10,25.106790570080385,63.573,in_progress,0.0,0
20,24.0,0.9122194898767652,1.3956338642068589,-178.6218683683137,0.0,2.4,3,3.5360413353060967,False,True,10.263825848183611,10,25.106790570080385,63.632,in_progress,0.0,0
20,25.0,0.7685819926113593,1.372237415948183,-174.693825913862,-2.5,2.3,2,2.315631296305456,False,True,10.842393866259787,11,25.106790570080385,63.694,in_progress,0.0,0
20,26.0,0.6432057110269764,1.3420222164479498,-170.7688808601674,2.5,2.2,7,1.5917904568311687,False,True,11.356012240624977,11,25.106790570080385,63.765,in_progress,0.0,0
20,27.0,0.489849355402697,1.3012036589904,-167.75144902828916,0.0,2.3,4,1.4405436051257114,False,True,11.89467733839421,11,25.106790570080385,63.831,in_progress,0.0,0
20,28.0,0.34980354067707387,1.2598512570526186,-165.6844178816368,0.0,2.3,4,1.4451648114372897,False,True,12.46461472024411,12,25.106790570080385,63.908,in_progress,0.0,0
20,29.0,0.19243498009280025,1.207136426536023,-163.42211360412364,10.0,1.6,10,1.44923627634811,False,True,13.027852014095187,12,25.106790570080385,63.964,in_progress,0.0,0
20,30.0,0.07282992091773705,1.1595473368004947,-161.06101699775823,15.0,1.6,16,1.4501915918734891,False,True,13.505747756204677,13,25.106790570080385,64.037,in_progress,0.0,0
20,31.0,-0.04848802493555451,1.0970410771470778,-156.91969677001228,-7.5,2.0,0,1.4500966944675158,False,False,13.952997528492986,13,25.106790570080385,64.1,in_progress,0.0,0
20,32.0,-0.15808375648047526,1.0425320162740954,-155.54463544513874,10.0,1.7,11,1.4495489845992577,False,False,14.385567507176244,13,25.106790570080385,64.171,in_progress,0.0,0
20,33.0,-0.2760753361522773,0.9821801934712739,-154.23415024252074,15.0,1.6,16,1.4500350590646458,False,False,14.85115694913331,14,25.106790570080385,64.244,in_progress,0.0,0
20,34.0,-0.3925946628351839,0.9073281232346168,-150.8749005345256,12.5,1.8,13,0.001,True,False,15.348546538422811,14,25.106790570080385,64.299,off_track,0.0,0
21,1.0,2.013098290495585,1.480993499126718,178.1714337674483,0.0,2.4,3,0.0,False,True,0.5541340717901861,6,25.106790570080385,64.438,prepare,0.0,0
21,2.0,2.0132419365974585,1.4810189340425541,178.15929236335577,10.0,1.6,10,2.4217744093782736,False,True,0.5535998860080313,6,25.106790570080385,64.494,in_progress,0.0,0
21,3.0,2.0063259559058846,1.4846744276878243,177.27277531031277,0.0,2.4,3,3.4834212737423815,False,True,0.5837328771804082,6,25.106790570080385,64.571,in_progress,0.0,0
21,4.0,1.9824722730086046,1.4845802393207508,177.58043706686374,2.5,2.2,7,3.181207847735468,False,True,0.6761742541097446,6,25.106790570080385,64.634,in_progress,0.0,0
21,5.0,1.9454092671312968,1.4838585226159113,178.10122188442207,2.5,2.2,7,3.32447118457793,False,True,0.8192859547130976,6,25.106790570080385,64.694,in_progress,0.0,0
21,6.0,1.8999349993611696,1.4817288697491093,178.93383707626487,7.5,2.0,9,2.9464035745428205,False,True,0.9937507857919227,7,25.106790570080385,64.761,in_progress,0.0,0
21,7.0,1.8296727351338153,1.4734708262097163,-178.9055732003308,-7.5,2.0,0,3.398836792093322,False,True,1.2588231068314402,7,25.106790570080385,64.83,in_progress,0.0,0
21,8.0,1.751005233373551,1.4689617303366118,-178.28552048374016,0.0,2.3,4,4.60669164397924,False,True,1.5568738614101032,7,25.106790570080385,64.894,in_progress,0.0,0
21,9.0,1.6550972077569506,1.4700852291238355,-179.16086207556828,0.0,2.4,3,4.4649750476321275,False,True,1.8898464196575788,7,25.106790570080385,64.968,in_progress,0.0,0
21,10.0,1.541206467604283,1.4703480636277446,-179.5396600007797,7.5,2.0,9,3.1816677065646184,False,True,2.319280201484983,8,25.106790570080385,65.034,in_progress,0.0,0
21,11.0,1.4105058321222965,1.4640776448899107,-178.4650241434176,-7.5,2.0,0,2.7746331198952867,False,True,3.0088037384432096,8,25.106790570080385,65.104,in_progress,0.0,0
21,12.0,1.2837474455710405,1.457090556922655,-177.87261047887844,7.5,2.0,9,2.6426422264830713,False,True,3.5109329065462216,9,25.106790570080385,65.166,in_progress,0.0,0
21,13.0,1.1526145815518152,1.450054033352994,-177.36897031916385,7.5,2.0,9,2.6187858225757776,False,True,4.3780747943685085,9,25.106790570080385,65.239,in_progress,0.0,0
21,14.0,1.0174508593179616,1.4330444096992352,-175.25879952912928,-7.5,2.0,0,2.1891308954223527,False,True,4.905982681143739,10,25.106790570080385,65.304,in_progress,0.0,0
21,15.0,0.8976359029279991,1.4218669111029347,-175.09485118468555,-7.5,2.0,0,2.1698249326292576,False,True,5.297427725389701,10,25.106790570080385,65.36,in_progress,0.0,0
21,16.0,0.7607110080816626,1.4187350407062935,-176.83116195644507,-2.5,2.3,2,2.9299290854471134,False,True,5.832110401997853,11,25.106790570080385,65.429,in_progress,0.0,0
21,17.0,0.6183238791319393,1.4233495861699876,-179.40201294733862,0.0,2.2,5,3.653529619137761,False,True,6.368577123780911,11,25.106790570080385,65.489,in_progress,0.0,0
21,18.0,0.48028918018429256,1.4281662540872366,179.33613051278883,7.5,2.0,9,3.3252295633219653,False,True,6.888955854167499,11,25.106790570080385,65.557,in_progress,0.0,0
21,19.0,0.3444078254736672,1.4279091129228305,179.7288914746787,0.0,2.0,6,3.8900161817559713,False,True,7.4282371607255175,12,25.106790570080385,65.63,in_progress,0.0,0
21,20.0,0.21241378575582176,1.425326081183991,-179.6809698830843,0.0,2.2,5,3.626067002103924,False,True,7.941283328366826,12,25.106790570080385,65.696,in_progress,0.0,0
21,21.0,0.05057854347036861,1.4265447191201333,179.91389713569015,0.0,2.2,5,4.167627856668513,False,True,8.5858109021354,13,25.106790570080385,65.764,in_progress,0.0,0
21,22.0,-0.08835148042760892,1.4270857078845298,179.82982175290138,0.0,2.4,3,4.460118378405588,False,True,9.135232406229372,13,25.106790570080385,65.83,in_progress,0.0,0
21,23.0,-0.23639309828108562,1.4276791818987553,179.77347972794283,0.0,2.4,3,4.51474915136094,False,True,9.72482825159255,14,25.106790570080385,65.897,in_progress,0.0,0
21,24.0,-0.38738234417867845,1.427727942956616,179.90741755849476,0.0,2.4,3,4.454923324200893,False,True,10.329070624815111,14,25.106790570080385,65.971,in_progress,0.0,0
21,25.0,-0.5674584826260098,1.428545967357555,179.79840239640689,0.0,2.4,3,4.533819297031785,False,True,11.04631327820736,15,25.106790570080385,66.028,in_progress,0.0,0
21,26.0,-0.7144626258597149,1.4281273024052163,179.9594455605568,15.0,1.6,16,2.4513371128495622,False,True,11.631909996078184,15,25.106790570080385,66.09,in_progress,0.0,0
21,27.0,-0.8614896884366583,1.4229982385855147,-179.04937722056252,7.5,2.0,9,3.110105358551401,False,True,12.217514162022534,16,25.106790570080385,66.167,in_progress,0.0,0
21,28.0,-1.0267538955573738,1.4052822797605165,-176.1769992472364,7.5,2.0,9,2.4593348475895853,False,True,12.87498031906188,16,25.106790570080385,66.236,in_progress,0.0,0
21,29.0,-1.1645937611081718,1.3785272018679062,-172.66943555724768,15.0,1.6,16,1.661609081807434,False,True,13.423661452234354,17,25.106790570080385,66.302,in_progress,0.0,0
21,30.0,-1.2951554189368377,1.3434730519751792,-168.94989055818252,12.5,1.8,13,1.4647587929307786,False,True,13.942763787923361,17,25.106790570080385,66.365,in_progress,0.0,0
21,31.0,-1.4200100350628377,1.2990204679817423,-164.99707729587166,2.5,2.2,7,1.4657850093890488,False,True,14.439335291060512,18,25.106790570080385,66.431,in_progress,0.0,0
21,32.0,-1.5261089872874822,1.2607246941997385,-163.06348796372822,10.0,1.6,10,3.5193112601513423,False,True,14.860377199592744,18,25.106790570080385,66.502,in_progress,0.0,0
21,33.0,-1.6431240842049362,1.2135937512911987,-160.81303011882542,15.0,1.6,16,2.6768276279135312,False,True,15.325472277896173,18,25.106790570080385,66.572,in_progress,0.0,0
21,34.0,-1.7681404657274182,1.1496635914403814,-156.9157785912275,15.0,1.4,15,2.030172904910348,False,True,15.822090822848173,19,25.106790570080385,66.63,in_progress,0.0,0
21,35.0,-1.8554850600616764,1.0915746936435373,-152.61778920563484,0.0,2.0,6,1.4752673771653566,False,False,16.16579264159129,19,25.106790570080385,66.703,in_progress,0.0,0
21,36.0,-1.9505415877777201,1.0312947618805188,-150.6969525274514,-7.5,2.0,0,1.4701762390397919,False,False,16.542681854448016,19,25.106790570080385,66.772,in_progress,0.0,0
21,37.0,-2.0588662419916566,0.9786981384681921,-152.2504081056619,0.0,2.4,3,1.4747182559699246,False,False,16.972634451517916,20,25.106790570080385,66.834,in_progress,0.0,0
21,38.0,-2.1772330977126493,0.9226976886484543,-153.41148186425977,7.5,2.0,9,1.469013368935001,False,False,17.439351154187737,20,25.106790570080385,66.906,in_progress,0.0,0
21,39.0,-2.29604866559813,0.8626483851260208,-153.2587011989474,0.0,2.0,6,0.001,True,False,17.910531033435102,21,25.106790570080385,66.971,off_track,0.0,0
22,1.0,0.8079917351451802,1.5252220766339957,-159.45669456355816,10.0,1.6,10,0.0,False,True,0.5548545301303082,10,25.106790570080385,67.094,prepare,0.0,0
22,2.0,0.8081947219070977,1.5252661364290956,-159.4630707990766,5.0,2.1,8,1.2770136208273655,False,True,0.5540272416547309,10,25.106790570080385,67.161,in_progress,0.0,0
22,3.0,0.7994976478258495,1.5231027544396862,-159.72266689311857,12.5,1.6,12,1.1965716849034465,False,True,0.5897150547103394,10,25.106790570080385,67.237,in_progress,0.0,0
22,4.0,0.7789181034849914,1.5121642859889335,-159.02154713277022,5.0,2.1,8,1.1698189034273347,False,True,0.679275613709339,10,25.106790570080385,67.299,in_progress,0.0,0
22,5.0,0.7429889689894295,1.4956658023666338,-158.4932462955893,0.0,2.4,3,1.1666705560906623,False,True,0.8333527804533114,11,25.106790570080385,67.365,in_progress,0.0,0
22,6.0,0.6932987713835024,1.473796738411536,-158.11762709030924,5.0,2.1,8,1.1742681534601098,False,True,1.0456089207606587,11,25.106790570080385,67.419,in_progress,0.0,0
22,7.0,0.6278679926682282,1.4416455913833328,-156.90385094692758,-7.5,2.0,0,1.1897214624339008,False,True,1.328050237037305,11,25.106790570080385,67.498,in_progress,0.0,0
22,8.0,0.560587364297591,1.4124481880735,-156.8139869079169,15.0,1.2,14,1.1969660267391147,False,True,1.5757282139129165,11,25.106790570080385,67.561,in_progress,0.0,0
22,9.0,0.4742346597777105,1.3778411837548652,-157.27011198427473,15.0,1.2,14,1.2144761855194326,False,True,1.9302856696748942,11,25.106790570080385,67.633,in_progress,0.0,0
22,10.0,0.39313698102930217,1.333385509501396,-155.1668287263469,-7.5,2.0,0,1.2267377141100038,False,True,2.267377141100038,12,25.106790570080385,67.695,in_progress,0.0,0
22,11.0,0.31358594531247486,1.293371980087202,-154.6372783553803,15.0,1.6,16,1.234243881666091,False,True,2.5766826983270015,12,25.106790570080385,67.768,in_progress,0.0,0
22,12.0,0.22358229859381287,1.2470830627541987,-153.959669438932,10.0,1.6,10,1.2418763216358992,False,True,2.9025158596307916,12,25.106790570080385,67.831,in_progress,0.0,0
22,13.0,0.1399707061516856,1.1919289338878367,-151.18847181652472,15.0,1.6,16,1.249022871469882,False,True,3.2372973291084657,13,25.106790570080385,67.896,in_progress,0.0,0
22,14.0,0.0525151940006256,1.1193955770993764,-146.7319248554022,0.0,2.0,6,1.25628184450779,False,True,3.5879458231090595,13,25.106790570080385,67.972,in_progress,0.0,0
22,15.0,-0.031118852674609954,1.0483548264805354,-143.96723906338622,15.0,1.2,14,1.2586908721203014,False,False,3.880363081804519,13,25.106790570080385,68.04,in_progress,0.0,0
22,16.0,-0.11493185341729256,0.966635261229682,-140.44061277032282,17.5,1.6,17,1.2630200625373393,False,False,4.208321000597431,13,25.106790570080385,68.097,in_progress,0.0,0
22,17.0,-0.18075729792512824,0.8926877558506677,-137.21513748327558,0.0,2.4,3,1.2626587760667332,False,False,4.465199193134464,14,25.106790570080385,68.166,in_progress,0.0,0
22,18.0,-0.2623214203317659,0.8011305565997069,-134.96272145936166,2.5,2.2,7,0.001,True,False,4.783501284330274,14,25.106790570080385,68.233,off_track,0.0,0
23,1.0,-0.4448022694306309,1.469946198623882,179.97910510501973,0.0,2.0,6,0.0,False,True,0.5578775712656608,14,25.106790570080385,68.357,prepare,0.0,0
23,2.0,-0.44473712059906634,1.4699387186115727,179.9644884032218,0.0,2.4,3,4.685713337017081,False,True,0.5576180659539881,14,25.106790570080385,68.437,in_progress,0.0,0
23,3.0,-0.4532964594535591,1.4709715950375577,179.72527505376064,12.5,1.8,13,2.7322387559100125,False,True,0.5917123376111,14,25.106790570080385,68.502,in_progress,0.0,0
23,4.0,-0.4762509168117886,1.4677365878640884,-179.5982749907552,-2.5,2.3,2,3.7616859850184756,False,True,0.6831316205593074,15,25.106790570080385,68.563,in_progress,0.0,0
23,5.0,-0.5107262561107879,1.4659364627403633,-179.30859516385107,0.0,2.4,3,4.209019498842592,False,True,0.8204419505029675,15,25.106790570080385,68.637,in_progress,0.0,0
23,6.0,-0.5656482138137415,1.4643635661331924,-179.16867744140495,0.0,2.4,3,4.22173538372144,False,True,1.039191424388883,15,25.106790570080385,68.692,in_progress,0.0,0
23,7.0,-0.6353791153420426,1.4610032686149639,-178.70735875545103,0.0,2.4,3,4.006940673287545,False,True,1.316938060185685,15,25.106790570080385,68.762,in_progress,0.0,0
23,8.0,-0.7096866822382641,1.4579746906179618,-178.45762060231627,7.5,2.0,9,2.8968422374920975,False,True,1.6129025417994298,15,25.106790570080385,68.831,in_progress,0.0,0
23,9.0,-0.8076900418355053,1.447783282827891,-176.88113028987104,0.0,2.0,6,2.9767524000408527,False,True,2.0032434227813174,16,25.106790570080385,68.896,in_progress,0.0,0
23,10.0,-0.9079965547417894,1.4381294358321144,-176.09630683922944,0.0,2.0,6,2.740160701990521,False,True,2.4027580027922824,16,25.106790570080385,68.965,in_progress,0.0,0
23,11.0,-1.024705290928987,1.4289990741586602,-175.93343217601927,-2.5,2.3,2,2.7077549433565737,False,True,2.8671137689446233,16,25.106790570080385,69.03,in_progress,0.0,0
23,12.0,-1.1618557765314284,1.4209425498922459,-176.42492247162582,7.5,2.0,9,2.3859329408602488,False,True,3.4132801085431903,17,25.106790570080385,69.1,in_progress,0.0,0
23,13.0,-1.2928755118474613,1.4113421358045188,-176.1205511103442,-7.5,2.0,0,2.279376220416697,False,True,3.934780183026737,17,25.106790570080385,69.17,in_progress,0.0,0
23,14.0,-1.4251202257626667,1.402626751499059,-176.24057099002763,5.0,2.1,8,2.4539057249555176,False,True,4.461363821923204,18,25.106790570080385,69.232,in_progress,0.0,0
23,15.0,-1.55623003243219,1.3965342512795644,-176.72527504418667,10.0,1.6,10,2.9351710980868346,False,True,4.983137320365966,18,25.106790570080385,69.296,in_progress,0.0,0
23,16.0,-1.6848630830357623,1.3773159009368254,-174.16952582150324,12.5,1.8,13,3.167376135507695,False,True,5.495079355812344,19,25.106790570080385,69.365,in_progress,0.0,0
23,17.0,-1.8132440230961135,1.3453933651639183,-170.37823966367912,0.0,2.4,3,6.122810786820076,False,True,6.005756262785777,19,25.106790570080385,69.44,in_progress,0.0,0
23,18.0,-1.9491678252358184,1.308425637313244,-167.75290846300248,10.0,1.6,10,3.511227107707308,False,True,6.5450719636839265,19,25.106790570080385,69.503,in_progress,0.0,0
23,19.0,-2.0673727273746665,1.2725272264120053,-165.70979293056976,10.0,1.6,10,3.3407307444583467,False,True,7.014850148438542,20,25.106790570080385,69.568,in_progress,0.0,0
23,20.0,-2.1864112385924077,1.2216720358178152,-161.5843698087422,0.0,2.0,6,4.613090272081483,False,True,7.4860809885396815,20,25.106790570080385,69.629,in_progress,0.0,0
23,21.0,-2.3001352021640047,1.1753510204303315,-160.06709082905235,0.0,2.4,3,3.788803734103896,False,True,7.937449022546689,21,25.106790570080385,69.7,in_progress,0.0,0
23,22.0,-2.426408671752747,1.1269511987204162,-159.64482461434352,5.0,2.1,8,2.047320045262009,False,False,8.477688612775886,21,25.106790570080385,69.766,in_progress,0.0,0
23,23.0,-2.541386192730402,1.0805364175516332,-158.88415554506588,10.0,1.6,10,1.3948628874331774,False,False,8.939120587432678,21,25.106790570080385,69.832,in_progress,0.0,0
23,24.0,-2.664755234759024,1.016687384158716,-155.7650892068845,0.0,2.0,6,1.406128842512836,False,False,9.43530805718934,22,25.106790570080385,69.904,in_progress,0.0,0
23,25.0,-2.7817408872299967,0.9576208956173887,-154.73010295322268,5.0,2.1,8,1.4103829876223206,False,False,9.947624671256971,22,25.106790570080385,69.969,in_progress,0.0,0
23,26.0,-2.913590979473491,0.8944457128127525,-154.60959277461,12.5,1.8,13,0.001,True,False,10.482372324612733,23,25.106790570080385,70.041,off_track,0.0,0
24,1.0,-1.7002281576384481,1.4731838595600442,179.73230527936772,15.0,1.6,16,0.0,False,True,0.5582468894722942,19,25.106790570080385,70.168,prepare,0.0,0
24,2.0,-1.7000702193582091,1.4731952549832805,179.70447708031156,5.0,2.1,8,3.545623354795164,False,True,0.5576180659539881,19,25.106790570080385,70.22,in_progress,0.0,0
24,3.0,-1.7095071900398622,1.4737124550487763,179.62292792969944,0.0,2.4,3,4.272788263736102,False,True,0.5952155149601734,19,25.106790570080385,70.303,in_progress,0.0,0
24,4.0,-1.7366707715020708,1.4742399674988267,179.45137577906664,0.0,2.4,3,4.188839637329292,False,True,0.7034170825097247,19,25.106790570080385,70.37,in_progress,0.0,0
24,5.0,-1.7738685856230771,1.4760881314476124,179.03903839670474,0.0,2.4,3,4.040426236001004,False,True,0.8516114593678847,19,25.106790570080385,70.428,in_progress,0.0,0
24,6.0,-1.8322638856445375,1.4793452608898021,178.46050185298108,0.0,2.4,3,3.919034387605055,False,True,1.0843056446321913,19,25.106790570080385,70.497,in_progress,0.0,0
24,7.0,-1.8945009247247815,1.4821368613626258,178.15746797223161,0.0,2.4,3,3.7990851648110686,False,True,1.3322678161932167,19,25.106790570080385,70.561,in_progress,0.0,0
24,8.0,-1.9734493807944744,1.4859342558880362,177.8475789924355,0.0,2.4,3,3.6787852086549178,False,True,1.6468181748713477,20,25.106790570080385,70.627,in_progress,0.0,0
24,9.0,-2.0739190403412024,1.4932873775356714,176.97137956764664,0.0,2.4,3,3.347198535646938,False,True,2.0471858843901733,20,25.106790570080385,70.691,in_progress,0.0,0
24,10.0,-2.1894921918342973,1.5009958856956631,176.5700018009735,0.0,2.0,6,3.051253700252973,False,True,2.5078579452327885,20,25.106790570080385,70.764,in_progress,0.0,0
24,11.0,-2.3134133181768135,1.5100750620438632,176.09886417043842,7.5,2.0,9,2.494298566744342,False,True,3.001725046530568,21,25.106790570080385,70.836,in_progress,0.0,0
24,12.0,-2.4491030858178036,1.5155475829367593,176.84946941560372,10.0,1.6,10,2.3784198674598067,False,True,3.5382316206150373,21,25.106790570080385,70.907,in_progress,0.0,0
24,13.0,-2.5852209568016553,1.5091414479611358,179.79551945240388,0.0,2.2,5,3.8618806955988174,False,True,4.080778295165693,22,25.106790570080385,70.967,in_progress,0.0,0
24,14.0,-2.7024231296737438,1.5026307498677658,-178.82615158763903,17.5,1.6,17,2.5136599765361316,False,True,4.548006027886833,22,25.106790570080385,71.032,in_progress,0.0,0
24,15.0,-2.8172477984726942,1.4952654465896271,-177.7065143123282,7.5,2.0,9,4.690634692277405,False,True,5.003782147133978,22,25.106790570080385,71.097,in_progress,0.0,0
24,16.0,-2.9406137631518563,1.4774534860789361,-175.01723494978162,2.5,2.2,7,6.654032187392469,False,True,5.4975795644518985,23,25.106790570080385,71.159,in_progress,0.0,0
24,17.0,-3.0597807544936395,1.4498525430854614,-171.49883047812023,-2.5,2.3,2,7.172180900743994,False,True,5.9730311016289726,23,25.106790570080385,71.234,in_progress,0.0,0
24,18.0,-3.2140062627548365,1.4086709247130955,-168.1432305897167,5.0,2.1,8,7.231029742763898,False,True,6.581246913149036,24,25.106790570080385,71.297,in_progress,0.0,0
24,19.0,-3.3299846021531136,1.3745392612322929,-166.1622634883981,0.0,2.3,4,7.4157709980572,False,True,7.038191005856725,24,25.106790570080385,71.363,in_progress,0.0,0
24,20.0,-3.4726202018126573,1.3257608704410686,-163.62839164617787,-2.5,2.3,2,5.623831171411426,False,True,7.462990293930866,24,25.106790570080385,71.428,in_progress,0.0,0
24,21.0,-3.6188404187699588,1.2745854305399984,-162.17574762494104,5.0,2.1,8,4.656013558418799,False,True,7.9785624119012795,25,25.106790570080385,71.504,in_progress,0.0,0
24,22.0,-3.757059712049316,1.2224068652660107,-160.7138883483342,2.5,2.2,7,1.3765042070399338,False,True,8.283092554878541,25,25.106790570080385,71.569,in_progress,0.0,0
24,23.0,-3.8840407953504448,1.1715826782859002,-159.56221295270694,10.0,1.7,11,1.3761965018946873,False,False,8.652519543577808,25,25.106790570080385,71.639,in_progress,0.0,0
24,24.0,-4.020780054519983,1.1075553406046146,-157.04202867744277,10.0,1.6,10,1.3774599635814162,False,False,9.059039125953989,26,25.106790570080385,71.7,in_progress,0.0,0
24,25.0,-4.127371852942019,1.0449595766955546,-153.61317375736735,2.5,2.2,7,0.001,True,False,9.989089645026572,26,25.106790570080385,71.77,off_track,0.0,0
25,1.0,-2.9552689519090793,1.4639201273232354,-177.74940678375145,10.0,1.6,10,0.0,False,True,0.5580482754693583,23,25.106790570080385,71.894,prepare,0.0,0
25,2.0,-2.9551550831129716,1.4637751023962553,-177.7210269258409,5.0,2.1,8,4.8733219388014115,False,True,0.5576180659539853,23,25.106790570080385,71.963,in_progress,0.0,0
25,3.0,-2.96181096332732,1.4663829281244614,-178.50958670334825,15.0,1.4,15,2.546633981995108,False,True,0.583694339321017,23,25.106790570080385,72.038,in_progress,0.0,0
25,4.0,-2.979465286570062,1.461386250229386,-177.46247234307825,15.0,1.2,14,2.411270617671984,False,True,0.6547470411221556,23,25.106790570080385,72.098,in_progress,0.0,0
25,5.0,-3.011979276574515,1.4517508230535023,-175.588298307699,-7.5,2.0,0,4.65277166826011,False,True,0.7856734805251064,23,25.106790570080385,72.163,in_progress,0.0,0
25,6.0,-3.0645869807529076,1.4423358528745829,-174.3845320335852,2.5,2.2,7,6.1905219571207,False,True,0.9911237234940751,23,25.106790570080385,72.235,in_progress,0.0,0
25,7.0,-3.1275116442845285,1.4360272337304987,-174.37618603143954,12.5,1.8,13,3.944318279361555,False,True,1.2407288279383033,23,25.106790570080385,72.296,in_progress,0.0,0
25,8.0,-3.1999808753861414,1.4182997148671914,-172.0282149481807,0.0,2.3,4,6.626639646322532,False,True,1.5267485588731533,24,25.106790570080385,72.364,in_progress,0.0,0
25,9.0,-3.2846097118522595,1.3937088318495172,-169.32715148227365,5.0,2.1,8,6.367917725198356,False,True,1.8602219821238553,24,25.106790570080385,72.437,in_progress,0.0,0
25,10.0,-3.393172082626282,1.3662086713966282,-167.91108406275308,17.5,1.6,17,2.980739754980378,False,True,2.1950680607432824,24,25.106790570080385,72.496,in_progress,0.0,0
25,11.0,-3.5026180018062174,1.3311179433322051,-165.5633170827666,0.0,2.2,5,5.841250132864685,False,True,2.5840788370073033,24,25.106790570080385,72.566,in_progress,0.0,0
25,12.0,-3.6083789549390355,1.3026690401998582,-165.4329024931845,0.0,2.2,5,5.156906759637575,False,True,2.9652664229496253,25,25.106790570080385,72.629,in_progress,0.0,0
25,13.0,-3.7288920069303995,1.285094449462035,-168.2197499182412,10.0,1.6,10,1.35501472006316,False,True,3.2830925548785417,25,25.106790570080385,72.692,in_progress,0.0,0
25,14.0,-3.8566926076729553,1.2649521967998958,-169.37845381454966,10.0,1.6,10,1.428471600801649,False,True,3.6933845001619057,25,25.106790570080385,72.765,in_progress,0.0,0
25,15.0,-3.97090216779816,1.235416936743948,-167.68698508501924,10.0,1.6,10,1.3254950729238026,False,False,4.069231823509717,26,25.106790570080385,72.839,in_progress,0.0,0
25,16.0,-4.076550962327594,1.2015789893645354,-165.44112883427064,15.0,1.4,15,1.5915552666886623,False,False,4.879514485600545,26,25.106790570080385,72.899,in_progress,0.0,0
25,17.0,-4.182597428305286,1.154707091222173,-161.48854372221115,5.0,2.1,8,1.6359661631541007,False,False,6.211040560369868,27,25.106790570080385,72.964,in_progress,0.0,0
25,18.0,-4.272048282257927,1.1131789534822627,-159.11509360365355,15.0,1.2,14,0.001,True,False,8.652168123811643,29,25.106790570080385,73.03,off_track,0.0,0
26,1.0,-4.1756244647865115,1.698973238538214,171.63976754177685,10.0,1.6,10,0.0,False,True,0.5579546338800478,27,25.106790570080385,73.167,prepare,0.0,0
26,2.0,-4.175592751871496,1.6989575550139626,171.6295919498716,0.0,2.2,5,4.162208809405525,False,True,0.5578205820191917,27,25.106790570080385,73.233,in_progress,0.0,0
26,3.0,-4.1809641392482275,1.7003070942042098,171.43051131629042,-2.5,2.3,2,3.6036048379494656,False,True,0.5797689070988543,27,25.106790570080385,73.302,in_progress,0.0,0
26,4.0,-4.1985646446644385,1.7053542908774455,170.77367750106015,0.0,2.3,4,3.6762762063294363,False,True,0.6520493109382297,27,25.106790570080385,73.368,in_progress,0.0,0
26,5.0,-4.2323216834774335,1.711099554598862,170.63032703995424,10.0,1.6,10,3.8150888362084086,False,True,0.7734386652972713,27,25.106790570080385,73.428,in_progress,0.0,0
26,6.0,-4.282373384343302,1.7136342246192768,171.87860540570398,17.5,1.6,17,2.3535814230620247,False,True,0.9617750945701053,27,25.106790570080385,73.497,in_progress,0.0,0
26,7.0,-4.352503282189369,1.7093430112700239,174.9903706526039,5.0,2.1,8,2.050296244443311,False,True,1.234508138814372,27,25.106790570080385,73.572,in_progress,0.0,0
26,8.0,-4.430379971793373,1.7076792073785325,176.82577084145254,2.5,2.2,7,1.426450653324067,False,True,1.5338701649601438,28,25.106790570080385,73.632,in_progress,0.0,0
26,9.0,-4.516462286264258,1.71190643330343,176.91078740277425,7.5,2.0,9,1.213759121870547,False,True,1.8579329087377416,28,25.106790570080385,73.694,in_progress,0.0,0
26,10.0,-4.636218073365069,1.7133913251817938,177.9040501097074,0.0,2.4,3,1.2074280168604545,False,True,2.011950312078775,28,25.106790570080385,73.764,in_progress,0.0,0
26,11.0,-4.7477934253789265,1.7149168998667264,178.39759814920572,12.5,1.6,12,1.222027182169057,False,True,2.32066549097949,28,25.106790570080385,73.831,in_progress,0.0,0
26,12.0,-4.866351571812131,1.7076640763200903,-179.38442851618777,15.0,1.6,16,1.222815798236616,False,True,2.6737895788393917,29,25.106790570080385,73.902,in_progress,0.0,0
26,13.0,-4.987241010426517,1.687856974720813,-175.56181888044742,15.0,1.4,15,1.2360729131403736,False,False,3.0689478708248563,29,25.106790570080385,73.973,in_progress,0.0,0
26,14.0,-5.095896784063345,1.659190852725665,-171.1817050451632,17.5,1.6,17,1.2202914381385368,False,False,3.084080133939515,29,25.106790570080385,74.041,in_progress,0.0,0
26,15.0,-5.201177285004683,1.620987178279779,-166.61813893538903,10.0,1.7,11,1.2056053422626343,False,False,3.084080133939515,29,25.106790570080385,74.103,in_progress,0.0,0
26,16.0,-5.295274549656569,1.5777158607615134,-162.30166673100825,0.0,2.4,3,0.001,True,False,3.158729330190263,29,25.106790570080385,74.163,off_track,0.0,0
27,1.0,-4.863573432979827,0.8053447350241617,-101.12217590188028,10.0,1.7,11,0.0,False,True,0.5586056985416532,31,25.106790570080385,74.298,prepare,0.0,0
27,2.0,-4.863479746517848,0.8055790515273642,-101.10138731394728,12.5,1.6,12,2.577940579484384,False,True,0.5576169352153937,31,25.106790570080385,74.363,in_progress,0.0,0
27,3.0,-4.864653102838262,0.7965303564797716,-100.96493884141803,0.0,2.4,3,2.222222781710915,False,True,0.593868482137877,31,25.106790570080385,74.429,in_progress,0.0,0
27,4.0,-4.867225924406611,0.774179274419896,-100.62548259936715,12.5,1.6,12,2.400658578166299,False,True,0.6831558105195812,31,25.106790570080385,74.504,in_progress,0.0,0
27,5.0,-4.8678782944356795,0.7283177527110671,-98.91455464698566,12.5,1.6,12,2.1445342539634646,False,True,0.8627053633428694,31,25.106790570080385,74.564,in_progress,0.0,0
27,6.0,-4.865376861399823,0.6810858812593152,-96.61777321596638,2.5,2.2,7,1.7630360931447282,False,True,1.0451120550824755,31,25.106790570080385,74.632,in_progress,0.0,0
27,7.0,-4.867243204946348,0.600262445543668,-95.11206560903933,-5.0,2.2,1,1.5448771100671266,False,True,1.3621051549653873,32,25.106790570080385,74.697,in_progress,0.0,0
27,8.0,-4.874899661815131,0.526072322629074,-95.40127579218354,-7.5,2.0,0,1.6451927306370557,False,True,1.6577790411901272,32,25.106790570080385,74.763,in_progress,0.0,0
27,9.0,-4.895040154765291,0.41792884802278696,-97.55329934616732,2.5,2.2,7,1.5343043822677016,False,True,2.0967585597827076,32,25.106790570080385,74.829,in_progress,0.0,0
27,10.0,-4.911241647855595,0.3150967180380278,-98.09802534285423,0.0,2.0,6,1.5416103963372594,False,True,2.5110812090449466,33,25.106790570080385,74.904,in_progress,0.0,0
27,11.0,-4.924998512790107,0.18943593175359194,-97.30328064048994,-2.5,2.3,2,1.274396832724869,False,True,3.0183651599735573,33,25.106790570080385,74.971,in_progress,0.0,0
27,12.0,-4.942426978006077,0.060415408270097615,-97.59918402883359,10.0,1.6,10,1.2947136602630436,False,True,3.5365639231565216,34,25.106790570080385,75.032,in_progress,0.0,0
27,13.0,-4.95550923240452,-0.06799177925295413,-96.73335637438683,7.5,2.0,9,1.3114926613411502,False,True,4.049404597434952,34,25.106790570080385,75.094,in_progress,0.0,0
27,14.0,-4.9576001025137915,-0.1826220329611803,-94.34927822648979,7.5,2.0,9,1.3286300440436922,False,True,4.600820616611689,34,25.106790570080385,75.167,in_progress,0.0,0
27,15.0,-4.949936867883809,-0.32899400587862265,-90.72915264259377,0.0,2.3,4,1.3453582626919798,False,True,5.180373940379695,35,25.106790570080385,75.229,in_progress,0.0,0
27,16.0,-4.941157322957295,-0.4457255491401567,-88.66281517566146,10.0,1.7,11,1.3534677506749913,False,True,5.65548401079986,35,25.106790570080385,75.297,in_progress,0.0,0
27,17.0,-4.9214068672532605,-0.5874747704339198,-85.34313167243262,0.0,2.2,5,1.3627180535755101,False,True,6.166206910783672,36,25.106790570080385,75.362,in_progress,0.0,0
27,18.0,-4.897075055524624,-0.7155492765197633,-82.56114038538452,5.0,2.1,8,1.3620605191753197,False,True,6.517089345155752,36,25.106790570080385,75.437,in_progress,0.0,0
27,19.0,-4.867907001284554,-0.8491229536205753,-80.13535858537749,10.0,1.6,10,1.3572067795114564,False,True,6.786928810717674,36,25.106790570080385,75.502,in_progress,0.0,0
27,20.0,-4.828699655052219,-0.9725823798799694,-76.36746837031512,10.0,1.6,10,1.3585923510704623,False,True,7.171847021409245,37,25.106790570080385,75.552,in_progress,0.0,0
27,21.0,-4.778457334699805,-1.0908091336947032,-71.89627084704456,5.0,2.1,8,1.3611412071856561,False,False,7.58396535089878,37,25.106790570080385,75.63,in_progress,0.0,0
27,22.0,-4.728397953772433,-1.1966877475700888,-68.9185851162342,10.0,1.6,10,1.35081851353983,False,False,7.7180072978762615,37,25.106790570080385,75.697,in_progress,0.0,0
27,23.0,-4.656196348884344,-1.3248870207037162,-64.64536983754007,10.0,1.7,11,1.3423530969839208,False,False,7.874121230630177,37,25.106790570080385,75.769,in_progress,0.0,0
27,24.0,-4.594653242171173,-1.4191729591419076,-61.50922254474461,0.0,2.3,4,0.001,True,False,8.207163499811514,37,25.106790570080385,75.838,off_track,0.0,0
28,1.0,-4.968870432013461,-0.42850519402915244,-80.07289392496617,15.0,1.2,14,0.0,False,True,0.5366185773097998,35,25.106790570080385,75.968,prepare,0.0,0
28,2.0,-4.9689155696363345,-0.42845742948134735,-80.09125850024655,5.0,2.1,8,1.2681800509994947,False,True,0.5363601019989894,35,25.106790570080385,76.035,in_progress,0.0,0
28,3.0,-4.96810712934431,-0.43722360545265065,-80.26133167989451,2.5,2.2,7,1.1890058859013073,False,True,0.5670176577039221,35,25.106790570080385,76.103,in_progress,0.0,0
28,4.0,-4.96209872798466,-0.46495463783663726,-79.98856156473184,10.0,1.6,10,1.1679365942351283,False,True,0.671746376940513,35,25.106790570080385,76.162,in_progress,0.0,0
28,5.0,-4.955758927823915,-0.5018619892225981,-80.1382944385713,15.0,1.4,15,1.1614822666908478,False,True,0.8074113334542388,35,25.106790570080385,76.239,in_progress,0.0,0
28,6.0,-4.93688210523618,-0.5586025574531154,-78.14766245564157,12.5,1.8,13,1.1727456167938068,False,True,1.036473700762841,36,25.106790570080385,76.293,in_progress,0.0,0
28,7.0,-4.916090533697508,-0.6229051864931314,-76.57980368555356,5.0,2.1,8,1.1849592944243956,False,True,1.2947150609707692,36,25.106790570080385,76.366,in_progress,0.0,0
28,8.0,-4.889637219536103,-0.7031418929880593,-75.08193373709972,0.0,2.3,4,1.1896361681444692,False,True,1.5170893451557532,36,25.106790570080385,76.419,in_progress,0.0,0
28,9.0,-4.864817672386304,-0.7909434906851363,-74.78987369304517,0.0,2.2,5,1.1866053634408376,False,True,1.6794482709675373,36,25.106790570080385,76.491,in_progress,0.0,0
28,10.0,-4.836258807754223,-0.896788574526118,-74.93774396097594,15.0,1.4,15,1.1992125644843534,False,True,1.9921256448435343,36,25.106790570080385,76.567,in_progress,0.0,0
28,11.0,-4.800600305696003,-1.0151911312992874,-74.17915469648683,-5.0,2.2,1,1.2140562629783298,False,True,2.3546188927616285,37,25.106790570080385,76.636,in_progress,0.0,0
28,12.0,-4.768078605269795,-1.1259530401998006,-74.05553280714715,10.0,1.7,11,1.2242379886110608,False,False,2.6908558633327306,37,25.106790570080385,76.703,in_progress,0.0,0
28,13.0,-4.735964717853666,-1.241977587798338,-74.22392631895528,0.0,2.2,5,1.2090774844520202,False,False,2.7180072978762624,37,25.106790570080385,76.768,in_progress,0.0,0
28,14.0,-4.706441537095629,-1.353435643127976,-74.72292242744243,17.5,1.6,17,1.194143378419733,False,False,2.7180072978762624,37,25.106790570080385,76.831,in_progress,0.0,0
28,15.0,-4.676447502505252,-1.4793031569651682,-75.54144333778436,15.0,1.2,14,0.001,True,False,2.953490320164054,37,25.106790570080385,76.906,off_track,0.0,0
29,1.0,-3.8526190040460975,-0.9148570407601186,-9.211575327934964,0.0,2.3,4,0.0,False,True,0.5571996240140709,39,25.106790570080385,77.033,prepare,0.0,0
29,2.0,-3.8527727595253407,-0.9148713983631388,-9.23797863745395,7.5,2.0,9,1.278297527250282,False,True,0.5565950545005638,39,25.106790570080385,77.092,in_progress,0.0,0
29,3.0,-3.843151316571378,-0.917579843061128,-9.489909571385724,12.5,1.6,12,1.1985818923617488,False,True,0.5957456770852465,39,25.106790570080385,77.172,in_progress,0.0,0
29,4.0,-3.813830704682475,-0.916094470636677,-7.947231413366928,-2.5,2.3,2,1.1778732284386546,False,True,0.7114929137546189,39,25.106790570080385,77.233,in_progress,0.0,0
29,5.0,-3.773772177972887,-0.9173006105383074,-6.878870638157727,-2.5,2.3,2,1.1741625386417356,False,True,0.8708126932086779,40,25.106790570080385,77.305,in_progress,0.0,0
29,6.0,-3.710450027465116,-0.9235883430337996,-6.615519256598895,15.0,1.4,15,1.1873763368609542,False,True,1.124258021165725,40,25.106790570080385,77.377,in_progress,0.0,0
29,7.0,-3.6398379412269866,-0.9247295515402313,-5.083844250312527,-7.5,2.0,0,1.2003600698871122,False,True,1.4025204892097853,40,25.106790570080385,77.424,in_progress,0.0,0
29,8.0,-3.570934707664098,-0.9245442498146816,-3.714689671604517,12.5,1.6,12,1.208561620715119,False,True,1.6684929657209524,40,25.106790570080385,77.496,in_progress,0.0,0
29,9.0,-3.484747633392704,-0.9218590758272869,-1.919875374380875,-7.5,2.0,0,1.2220888004961254,False,True,1.9987992044651293,41,25.106790570080385,77.562,in_progress,0.0,0
29,10.0,-3.3772170291585764,-0.9192660785768357,-0.7132993021208363,-7.5,2.0,0,1.2411638632681368,False,True,2.4116386326813677,41,25.106790570080385,77.637,in_progress,0.0,0
29,11.0,-3.2646603440221122,-0.9277930575044685,-2.2336947428660654,-2.5,2.3,2,1.3083168760871406,False,True,2.8256579568541773,41,25.106790570080385,77.707,in_progress,0.0,0
29,12.0,-3.1417188431743845,-0.9395970449657212,-3.698351269118276,-2.5,2.3,2,1.539851704871594,False,True,3.3050289396894197,42,25.106790570080385,77.756,in_progress,0.0,0
29,13.0,-3.0179149093675255,-0.9517653880394461,-4.649095394482721,-7.5,2.0,0,2.037483510761182,False,True,3.7981793912985227,42,25.106790570080385,77.84,in_progress,0.0,0
29,14.0,-2.8817268801612568,-0.9721427559132075,-6.59893047878115,0.0,2.4,3,2.7438633846311484,False,True,4.339886678080362,42,25.106790570080385,77.899,in_progress,0.0,0
29,15.0,-2.7475964831233703,-0.9946061777906795,-7.931834825151774,-7.5,2.0,0,2.6042198972965767,False,True,4.876279669210875,43,25.106790570080385,77.958,in_progress,0.0,0
29,16.0,-2.6186535633043038,-1.0194074096017436,-9.394570531194468,10.0,1.6,10,2.0185214672256144,False,True,5.523936462312218,43,25.106790570080385,78.03,in_progress,0.0,0
29,17.0,-2.48400967030272,-1.0434249675968377,-9.707660701469774,-2.5,2.3,2,2.644760497679661,False,True,6.068416727791237,44,25.106790570080385,78.094,in_progress,0.0,0
29,18.0,-2.361858806886823,-1.055572725038466,-7.915343585362412,-7.5,2.0,0,2.243594271234867,False,True,6.588896888480555,44,25.106790570080385,78.163,in_progress,0.0,0
29,19.0,-2.2372812090394882,-1.0626511839965924,-5.8537934645823535,-7.5,2.0,0,2.587341483223832,False,True,7.0853698969143615,45,25.106790570080385,78.234,in_progress,0.0,0
29,20.0,-2.075201744961936,-1.0733005829202118,-4.758978695304152,12.5,1.6,12,2.063831228441696,False,True,7.74445348258811,45,25.106790570080385,78.307,in_progress,0.0,0
29,21.0,-1.9445729627520465,-1.0759977096654867,-3.1028973803485553,-7.5,2.0,0,2.746321287444008,False,True,8.263730311659867,46,25.106790570080385,78.361,in_progress,0.0,0
29,22.0,-1.83368038820545,-1.0759796235888002,-1.875932165952444,-7.5,2.0,0,2.674376511277572,False,True,8.852069247490569,46,25.106790570080385,78.434,in_progress,0.0,0
29,23.0,-1.6912153833024144,-1.083756726055678,-2.6631411933399805,0.0,2.3,4,3.194328349849128,False,True,9.414449199463471,47,25.106790570080385,78.501,in_progress,0.0,0
29,24.0,-1.558215630464105,-1.0928350563326503,-3.340385479722367,15.0,1.6,16,1.8786909071812492,False,True,10.073295144817774,47,25.106790570080385,78.564,in_progress,0.0,0
29,25.0,-1.4223988592696064,-1.0947637515059048,-2.134649971335299,10.0,1.7,11,2.23196619480012,False,True,10.587692546535877,48,25.106790570080385,78.629,in_progress,0.0,0
29,26.0,-1.302726494870238,-1.0858735547008787,0.6287689284718738,0.0,2.2,5,3.3462990373078867,False,True,11.040513541671693,48,25.106790570080385,78.695,in_progress,0.0,0
29,27.0,-1.1595561806372259,-1.074556627924077,2.4268510746300036,15.0,1.6,16,2.0879894314696803,False,True,11.60291888557069,49,25.106790570080385,78.773,in_progress,0.0,0
29,28.0,-1.0333883137495636,-1.057585626725064,4.877212925910326,5.0,2.1,8,2.3620656383943923,False,True,12.105768408880845,49,25.106790570080385,78.835,in_progress,0.0,0
29,29.0,-0.909316954687035,-1.0362976771343182,7.036444109642681,15.0,1.6,16,1.7463458434153232,False,True,12.539955441200313,49,25.106790570080385,78.909,in_progress,0.0,0
29,30.0,-0.773994247528041,-0.9999657931762876,11.03442970917434,0.0,2.4,3,1.5963691847286898,False,True,13.065517817572115,50,25.106790570080385,78.965,in_progress,0.0,0
29,31.0,-0.6685151291410295,-0.9674738038441647,13.475419522820804,10.0,1.6,10,1.4323504648916183,False,True,13.40286441164017,50,25.106790570080385,79.038,in_progress,0.0,0
29,32.0,-0.5442727042865206,-0.9256886134394899,15.871570028751023,10.0,1.6,10,1.4272873382484965,False,True,13.673194823951885,50,25.106790570080385,79.1,in_progress,0.0,0
29,33.0,-0.4284831752576168,-0.8739960773657384,19.589475280232758,7.5,2.0,9,1.4247961054974239,False,True,14.01827148141499,51,25.106790570080385,79.17,in_progress,0.0,0
29,34.0,-0.31909625180735546,-0.8141222744236795,23.656083152885916,0.0,2.0,6,1.4213881143032767,False,False,14.327195886311406,51,25.106790570080385,79.233,in_progress,0.0,0
29,35.0,-0.2126713773290179,-0.749556647094069,27.03491532881334,0.0,2.0,6,1.4173220050566604,False,False,14.606270176983116,51,25.106790570080385,79.305,in_progress,0.0,0
29,36.0,-0.09654462091463749,-0.6771463669515765,29.411258805555562,12.5,1.8,13,0.001,True,False,14.795171719003442,51,25.106790570080385,79.367,off_track,0.0,0
30,1.0,-2.6375389500552586,-1.2083313184953957,-8.284378455246992,12.5,1.8,13,0.0,False,True,0.5582750796804592,43,25.106790570080385,79.503,prepare,0.0,0
30,2.0,-2.6377052056321753,-1.2083282363889292,-8.311045339540652,-2.5,2.3,2,3.1359356398311142,False,True,0.5576180659539909,43,25.106790570080385,79.565,in_progress,0.0,0
30,3.0,-2.629214715071781,-1.2078990366972695,-7.9164638264200615,-2.5,2.3,2,3.172410002900392,False,True,0.590833316640782,44,25.106790570080385,79.634,in_progress,0.0,0
30,4.0,-2.602726485916982,-1.2109250136392193,-7.806241790522305,12.5,1.6,12,2.0729821405721376,False,True,0.6969697179490475,44,25.106790570080385,79.696,in_progress,0.0,0
30,5.0,-2.560447016751445,-1.2092304274013357,-6.066254466290207,12.5,1.6,12,2.2366000577292473,False,True,0.8626241066715723,44,25.106790570080385,79.773,in_progress,0.0,0
30,6.0,-2.5083369734229994,-1.2025264011282306,-3.2569822548525806,7.5,2.0,9,2.3560689996026123,False,True,1.064138250413471,44,25.106790570080385,79.835,in_progress,0.0,0
30,7.0,-2.4437071088851385,-1.1929069151666802,-0.20446987564693103,7.5,2.0,9,2.183487252385071,False,True,1.3205343798061375,44,25.106790570080385,79.9,in_progress,0.0,0
30,8.0,-2.353866923635049,-1.1759387812987827,3.5425777944098096,-2.5,2.3,2,1.6476544249684477,False,True,1.6695808842198567,44,25.106790570080385,79.965,in_progress,0.0,0
30,9.0,-2.262040303953758,-1.1633286765199764,5.003964241009451,2.5,2.2,7,1.3281986327622426,False,True,2.0282726769268122,45,25.106790570080385,80.03,in_progress,0.0,0
30,10.0,-2.153232592486239,-1.153542326061252,5.094295291510965,2.5,2.2,7,1.6960404547098058,False,True,2.46241684491888,45,25.106790570080385,80.098,in_progress,0.0,0
30,11.0,-2.021826555733049,-1.139874414227245,5.401374476053983,-7.5,2.0,0,1.5377797585295063,False,True,2.979149335889386,45,25.106790570080385,80.173,in_progress,0.0,0
30,12.0,-1.8787042652171118,-1.1368225604539748,3.2101988690528,15.0,1.4,15,1.722717698491791,False,True,3.6517520815183335,46,25.106790570080385,80.237,in_progress,0.0,0
30,13.0,-1.7736310964281883,-1.1384219325776481,1.0237854689675636,7.5,2.0,9,2.6315406522359313,False,True,4.0680038385962565,46,25.106790570080385,80.298,in_progress,0.0,0
30,14.0,-1.6549901176290693,-1.1273534187080325,2.9337430159163476,0.0,2.4,3,2.767742013014204,False,True,4.542598612377868,47,25.106790570080385,80.364,in_progress,0.0,0
30,15.0,-1.5164063588432226,-1.1039203640386155,6.197601271676493,-7.5,2.0,0,1.8717985205547834,False,True,5.219265496601311,47,25.106790570080385,80.432,in_progress,0.0,0
30,16.0,-1.3947638683821877,-1.0815936830377155,7.996797311634557,15.0,1.6,16,1.4854386392171093,False,True,5.708361481450419,48,25.106790570080385,80.5,in_progress,0.0,0
30,17.0,-1.2591792701562496,-1.0550766256571555,9.491864088486096,-2.5,2.3,2,1.6185032216053183,False,True,6.2398525421228035,48,25.106790570080385,80.568,in_progress,0.0,0
30,18.0,-1.1338745875638176,-1.0320239562100109,9.725102553360411,15.0,1.2,14,1.4307492420795238,False,True,6.745668225627899,49,25.106790570080385,80.631,in_progress,0.0,0
30,19.0,-1.0110004308322396,-1.0063261254808777,10.492120324533007,5.0,2.1,8,1.550185860806675,False,True,7.199419721325661,49,25.106790570080385,80.701,in_progress,0.0,0
30,20.0,-0.9007543733701984,-0.9755849034531741,12.54712111307826,12.5,1.8,13,1.3777223488997388,False,True,7.554446977994777,49,25.106790570080385,80.763,in_progress,0.0,0
30,21.0,-0.7764335628665636,-0.9296664325047632,16.175512875264094,0.0,2.3,4,1.38253582415832,False,True,8.033252307324723,50,25.106790570080385,80.832,in_progress,0.0,0
30,22.0,-0.65900380294796,-0.8843526341733604,18.244859002177012,15.0,1.2,14,1.3819483823472802,False,True,8.402864411640165,50,25.106790570080385,80.889,in_progress,0.0,0
30,23.0,-0.5439428870650758,-0.832000004209344,21.095071259456507,12.5,1.8,13,1.370849111392141,False,True,8.529529562019246,50,25.106790570080385,80.974,in_progress,0.0,0
30,24.0,-0.44001822196824547,-0.7722476527518476,24.907689192349185,0.0,2.2,5,1.367441344230229,False,False,8.818592261525493,50,25.106790570080385,81.035,in_progress,0.0,0
30,25.0,-0.3377620063826395,-0.7124468626864771,27.103048874950222,12.5,1.8,13,1.3640582369693024,False,False,9.10145592423256,51,25.106790570080385,81.098,in_progress,0.0,0
30,26.0,-0.22912975035127553,-0.6468477835448533,28.983628996438593,0.0,2.0,6,0.001,True,False,9.398756970882804,51,25.106790570080385,81.17,off_track,0.0,0
31,1.0,-1.3963716047715875,-1.2035098282845127,17.215573016564658,0.0,2.4,3,0.0,False,True,0.5583896421953671,48,25.106790570080385,81.303,prepare,0.0,0
31,2.0,-1.3965553453695336,-1.2035713488689885,17.232454510534883,5.0,2.1,8,1.2788090329769954,False,True,0.5576180659539909,48,25.106790570080385,81.368,in_progress,0.0,0
31,3.0,-1.3890778665591095,-1.2024982911018236,16.876900175149558,-7.5,2.0,0,1.1957766659189193,False,True,0.5873299977567581,48,25.106790570080385,81.432,in_progress,0.0,0
31,4.0,-1.3705724361220102,-1.197744367296973,16.66913683685551,-7.5,2.0,0,1.1658344109078391,False,True,0.6633376436313565,48,25.106790570080385,81.503,in_progress,0.0,0
31,5.0,-1.335845222652575,-1.1915591613493883,15.696270825099393,15.0,1.6,16,1.1605489858282771,False,True,0.8027449291413857,48,25.106790570080385,81.564,in_progress,0.0,0
31,6.0,-1.287279036454555,-1.169812631557828,17.456652293686187,10.0,1.6,10,1.1688612497243058,False,True,1.013167498345835,48,25.106790570080385,81.63,in_progress,0.0,0
31,7.0,-1.2372863336136666,-1.1383387152307882,20.949400619945514,5.0,2.1,8,1.1768569908005255,False,True,1.2379989356036791,48,25.106790570080385,81.689,in_progress,0.0,0
31,8.0,-1.1736867314306698,-1.0972090584268306,24.453029272270747,5.0,2.1,8,1.1906437989013576,False,True,1.525150391210861,48,25.106790570080385,81.768,in_progress,0.0,0
31,9.0,-1.0993022403817505,-1.044331167235648,28.247039712829267,5.0,2.1,8,1.2073255430026677,False,True,1.8659298870240093,49,25.106790570080385,81.839,in_progress,0.0,0
31,10.0,-1.0093930221968461,-0.9746729434629429,32.12227827410828,15.0,1.6,16,1.2199419721325657,False,True,2.199419721325657,49,25.106790570080385,81.901,in_progress,0.0,0
31,11.0,-0.9272311352717155,-0.9015170237807123,35.95158141380484,5.0,2.1,8,1.2205038175265406,False,True,2.4255419927919464,49,25.106790570080385,81.973,in_progress,0.0,0
31,12.0,-0.8439179642369162,-0.8172697703565208,39.97222441148383,12.5,1.8,13,1.227436216964862,False,True,2.7292346035783455,49,25.106790570080385,82.041,in_progress,0.0,0
31,13.0,-0.764287812718386,-0.7230856373199057,44.28773634052504,15.0,1.2,14,1.2319318215268744,False,False,3.0151136798493683,50,25.106790570080385,82.103,in_progress,0.0,0
31,14.0,-0.7018623931849985,-0.630558490374588,49.11813729311395,0.0,2.0,6,1.2309444293364185,False,False,3.2332220107098575,50,25.106790570080385,82.173,in_progress,0.0,0
31,15.0,-0.637312427424776,-0.5384479187164809,51.37428507870008,12.5,1.8,13,1.2268576274426775,False,False,3.4028644116401607,50,25.106790570080385,82.238,in_progress,0.0,0
31,16.0,-0.5666428510876538,-0.4344598016269484,53.38716726498494,-5.0,2.2,1,0.001,True,False,3.4028644116401607,50,25.106790570080385,82.299,off_track,0.0,0
32,1.0,-0.20508453046475247,-1.3388578490175316,-25.967861363870906,0.0,2.2,5,0.0,False,True,0.5585126201035462,52,25.106790570080385,82.433,prepare,0.0,0
32,2.0,-0.20522564575363753,-1.338634411412258,-25.922429211365746,0.0,2.3,4,1.2788090329769954,False,True,0.5576180659539909,52,25.106790570080385,82.497,in_progress,0.0,0
32,3.0,-0.19859619154151198,-1.3429723051340505,-26.171650730101224,0.0,2.0,6,1.1963064797250318,False,True,0.5889194391750951,52,25.106790570080385,82.563,in_progress,0.0,0
32,4.0,-0.17909695598347306,-1.3532143038799256,-26.338806438108634,2.5,2.2,7,1.169150904517437,False,True,0.6766036180697488,52,25.106790570080385,82.635,in_progress,0.0,0
32,5.0,-0.14316480532596113,-1.3713038232679082,-26.387498204852086,0.0,2.3,4,1.1668000182790652,False,True,0.834000091395326,52,25.106790570080385,82.699,in_progress,0.0,0
32,6.0,-0.09575902034080469,-1.3990887475854243,-27.314658923095745,0.0,2.3,4,1.17366924319925,False,True,1.0420154591955,52,25.106790570080385,82.775,in_progress,0.0,0
32,7.0,-0.036855708000819096,-1.4327338770978346,-28.016525267705696,10.0,1.6,10,1.1856769052185443,False,True,1.2997383365298099,52,25.106790570080385,82.825,in_progress,0.0,0
32,8.0,0.030778683988559,-1.4645021741972373,-27.20984800559314,5.0,2.1,8,1.1987319281752358,False,True,1.589855425401887,53,25.106790570080385,82.895,in_progress,0.0,0
32,9.0,0.12236586558151709,-1.5024771862471766,-25.557481790498215,15.0,1.2,14,1.2198277973363139,False,True,1.9784501760268247,53,25.106790570080385,82.954,in_progress,0.0,0
32,10.0,0.21128005048377202,-1.5315791193283308,-22.921780323923503,15.0,1.2,14,1.2188225555124412,False,True,2.1882255551244123,53,25.106790570080385,83.036,in_progress,0.0,0
32,11.0,0.30295546098868836,-1.5478237297005042,-18.348239809310396,7.5,2.0,9,1.2303830984312678,False,True,2.5342140827439463,53,25.106790570080385,83.106,in_progress,0.0,0
32,12.0,0.40695464418921967,-1.557525726780416,-13.296438039544267,-5.0,2.2,1,1.2444475439309552,False,True,2.933370527171464,54,25.106790570080385,83.17,in_progress,0.0,0
32,13.0,0.5100759674377904,-1.571017564157819,-11.163347441795324,10.0,1.7,11,1.2470205322447887,False,True,3.211266919182254,54,25.106790570080385,83.234,in_progress,0.0,0
32,14.0,0.6277421551711933,-1.5848098851498342,-9.259002249751434,10.0,1.7,11,1.2422503252685575,False,True,3.3915045537598054,54,25.106790570080385,83.305,in_progress,0.0,0
32,15.0,0.7403112740541322,-1.5876036976118284,-6.076192639817616,10.0,1.7,11,1.251044519211161,False,True,3.765667788167415,54,25.106790570080385,83.365,in_progress,0.0,0
32,16.0,0.8583535392424442,-1.5820876696616613,-2.372342791902803,0.0,2.0,6,1.2611184753348006,False,False,4.175868752195944,55,25.106790570080385,83.428,in_progress,0.0,0
32,17.0,0.9687191164394604,-1.5750152467934337,-0.023987887299275742,0.0,2.4,3,1.2604327088008809,False,False,4.416928347178017,55,25.106790570080385,83.498,in_progress,0.0,0
32,18.0,1.1019059611460422,-1.5717395274757617,0.5551541536129434,0.0,2.0,6,1.2539800512061685,False,False,4.5597446747379315,55,25.106790570080385,83.554,in_progress,0.0,0
32,19.0,1.2179762668250786,-1.569489363010152,0.7848501268135947,7.5,2.0,9,0.001,True,False,4.8956317256234065,55,25.106790570080385,83.629,off_track,0.0,0
33,1.0,0.9031470700346159,-1.0120169977044475,44.47692335062746,10.0,1.7,11,0.0,False,True,0.558592718069828,56,25.106790570080385,83.77,prepare,0.0,0
33,2.0,0.9029138265411728,-1.0121288216549698,44.52435003769942,12.5,1.8,13,1.2788090329769954,False,True,0.5576180659539909,56,25.106790570080385,83.834,in_progress,0.0,0
33,3.0,0.9085007767320725,-1.0069517543686195,44.3699483819239,10.0,1.6,10,1.1959807820572996,False,True,0.5879423461718991,56,25.106790570080385,83.905,in_progress,0.0,0
33,4.0,0.9230222285025093,-0.9869233732082472,45.380146612667794,7.5,2.0,9,1.1710876724361987,False,True,0.6843506897447948,56,25.106790570080385,83.972,in_progress,0.0,0
33,5.0,0.9450759383973119,-0.958268151571948,46.431520913111775,0.0,2.3,4,1.1651922202812495,False,True,0.8259611014062473,56,25.106790570080385,84.036,in_progress,0.0,0
33,6.0,0.9777469378629021,-0.9177599966408173,47.39380968161508,0.0,2.0,6,1.1717629947901849,False,True,1.0305779687411087,56,25.106790570080385,84.105,in_progress,0.0,0
33,7.0,1.0232138577382364,-0.8603736427775883,48.560590933097984,2.5,2.2,7,1.1882899967882077,False,True,1.3180299775174542,57,25.106790570080385,84.166,in_progress,0.0,0
33,8.0,1.0703562401238262,-0.7998474785301568,49.58160125886633,15.0,1.2,14,1.2023502973272362,False,True,1.6188023786178896,57,25.106790570080385,84.23,in_progress,0.0,0
33,9.0,1.1187780147750896,-0.7237913408104262,52.29106974076699,-5.0,2.2,1,1.2061572638540319,False,True,1.8554153746862867,57,25.106790570080385,84.292,in_progress,0.0,0
33,10.0,1.1618756628853726,-0.651414333685467,54.4934725499457,10.0,1.6,10,1.2118397536550942,False,True,2.118397536550942,57,25.106790570080385,84.362,in_progress,0.0,0
33,11.0,1.2232591559828176,-0.5580789925654202,55.34907234483545,5.0,2.1,8,1.2253767481476987,False,True,2.4791442296246857,58,25.106790570080385,84.433,in_progress,0.0,0
33,12.0,1.2765715610975636,-0.46843492241511125,56.82996407466328,0.0,2.3,4,1.2337180479495578,False,True,2.8046165753946917,58,25.106790570080385,84.51,in_progress,0.0,0
33,13.0,1.3460174576887245,-0.35711440074195255,57.29877756609866,15.0,1.6,16,1.2327765747689814,False,True,3.026095471996759,58,25.106790570080385,84.572,in_progress,0.0,0
33,14.0,1.4087455558998232,-0.2509594881635222,58.22831555936687,17.5,1.6,17,1.2275081904156808,False,False,3.185114665819533,58,25.106790570080385,84.637,in_progress,0.0,0
33,15.0,1.4565498944737918,-0.1457646719841802,61.310278711961345,0.0,2.0,6,1.2282550823328422,False,False,3.423826234992633,58,25.106790570080385,84.704,in_progress,0.0,0
33,16.0,1.5045998833128384,-0.041810206712277156,62.82349241869078,0.0,2.4,3,0.001,True,False,3.6629239206773634,59,25.106790570080385,84.761,off_track,0.0,0
34,1.0,2.0546599028340196,-0.6648242749785181,-1.48627292818794,-2.5,2.3,2,0.0,False,True,0.5573213087567419,60,25.106790570080385,84.893,prepare,0.0,0
34,2.0,2.054504468091225,-0.6648028059925896,-1.5032762591728266,12.5,1.8,13,1.356607531587354,False,True,0.5566963933227087,60,25.106790570080385,84.961,in_progress,0.0,0
34,3.0,2.063611286757044,-0.6662551100079133,-1.7704946429808948,10.0,1.6,10,1.2847491678969405,False,True,0.5934260553482118,60,25.106790570080385,85.023,in_progress,0.0,0
34,4.0,2.087568002947908,-0.6667144358611669,-1.7428007322516201,5.0,2.1,8,1.307665757739308,False,True,0.6880384334377543,60,25.106790570080385,85.105,in_progress,0.0,0
34,5.0,2.1287966319698852,-0.6661306544665635,-1.2976483366794307,2.5,2.2,7,1.2920932220708592,False,True,0.8500410581264717,60,25.106790570080385,85.164,in_progress,0.0,0
34,6.0,2.187249443934667,-0.6683136699010329,-1.5143412714225033,5.0,2.1,8,1.2834216685557296,False,True,1.0815242837657446,61,25.106790570080385,85.234,in_progress,0.0,0
34,7.0,2.2496410169741283,-0.6674702326662808,-0.9866524635530033,10.0,1.6,10,1.2325491271343747,False,True,1.3267079120481862,61,25.106790570080385,85.295,in_progress,0.0,0
34,8.0,2.3297816491658887,-0.6611169477119944,0.6988572210634015,12.5,1.6,12,1.2136638406652585,False,True,1.638489620099981,61,25.106790570080385,85.361,in_progress,0.0,0
34,9.0,2.419068538608716,-0.6455309429638085,3.80672906163145,10.0,1.7,11,1.2155183909202625,False,True,1.939665518282363,61,25.106790570080385,85.426,in_progress,0.0,0
34,10.0,2.514028589513255,-0.6253676129282473,6.7453302128332995,0.0,2.2,5,1.2281737082402713,False,True,2.281737082402713,62,25.106790570080385,85.501,in_progress,0.0,0
34,11.0,2.6187648832799697,-0.6074867363020018,7.777026534975425,10.0,1.7,11,1.2421592220100652,False,True,2.663751442110718,62,25.106790570080385,85.565,in_progress,0.0,0
34,12.0,2.7379506301197267,-0.5867386590078266,8.743230760556184,10.0,1.6,10,1.2375036775873678,False,True,2.8500441310484126,62,25.106790570080385,85.64,in_progress,0.0,0
34,13.0,2.857452936314074,-0.5546341000079192,11.530393943410987,5.0,2.1,8,1.2353685105854917,False,True,3.0597906376113926,62,25.106790570080385,85.704,in_progress,0.0,0
34,14.0,2.968754735545481,-0.5172617943589947,14.508802157000483,-7.5,2.0,0,1.2376058984378047,False,False,3.326482578129264,62,25.106790570080385,85.773,in_progress,0.0,0
34,15.0,3.086558187253278,-0.482912000381465,15.167629543768427,2.5,2.2,7,1.2414090062706031,False,False,3.621135094059047,63,25.106790570080385,85.838,in_progress,0.0,0
34,16.0,3.2071299613995596,-0.4527317905272957,14.698201170640816,0.0,2.3,4,0.001,True,False,3.9345494156991845,63,25.106790570080385,85.897,off_track,0.0,0
35,1.0,3.0246203854812688,-1.3111370656689272,-63.764786719959055,10.0,1.6,10,0.0,False,True,0.5534970617645074,64,25.106790570080385,86.033,prepare,0.0,0
35,2.0,3.0245723392385364,-1.3110418886186939,-63.761240011515866,10.0,1.6,10,1.276539124820263,False,True,0.5530782496405262,64,25.106790570080385,86.097,in_progress,0.0,0
35,3.0,3.0268708306834013,-1.316323710002687,-63.81853174328379,0.0,2.0,6,1.1918176049085913,False,True,0.5754528147257743,64,25.106790570080385,86.166,in_progress,0.0,0
35,4.0,3.03426583435028,-1.3342127009224458,-64.12296753013469,15.0,1.4,15,1.162578546552461,False,True,0.6503141862098438,64,25.106790570080385,86.229,in_progress,0.0,0
35,5.0,3.0531549728911553,-1.3606192324716142,-62.85337249503823,10.0,1.6,10,1.1559238876245606,False,True,0.7796194381228028,64,25.106790570080385,86.31,in_progress,0.0,0
35,6.0,3.0852331689087906,-1.4037324888597944,-60.839058896570165,0.0,2.4,3,1.165608794760223,False,True,0.9936527685613372,65,25.106790570080385,86.372,in_progress,0.0,0
35,7.0,3.11967696729889,-1.4530623869170483,-59.47399345193657,15.0,1.2,14,1.1761742470606675,False,True,1.2332197294246727,65,25.106790570080385,86.426,in_progress,0.0,0
35,8.0,3.1546148685487903,-1.5014087671750598,-58.27810582981099,5.0,2.1,8,1.1800341572732955,False,True,1.4402732581863642,65,25.106790570080385,86.498,in_progress,0.0,0
35,9.0,3.2085887705873652,-1.5692910964803244,-56.11682771386679,15.0,1.2,14,1.1919391979287737,False,True,1.7274527813589624,65,25.106790570080385,86.563,in_progress,0.0,0
35,10.0,3.2678261271110767,-1.6411045718433954,-54.130669540456864,10.0,1.6,10,1.2057279067973539,False,True,2.0572790679735387,66,25.106790570080385,86.634,in_progress,0.0,0
35,11.0,3.3365764601883487,-1.7048020727214699,-50.19473252420749,15.0,1.2,14,1.2190111089643962,False,True,2.40912219860836,66,25.106790570080385,86.698,in_progress,0.0,0
35,12.0,3.405659140125136,-1.760887471053099,-46.42293230604974,15.0,1.4,15,1.2195441756899683,False,True,2.63453010827962,66,25.106790570080385,86.761,in_progress,0.0,0
35,13.0,3.4797957313994523,-1.8086816176472236,-41.911927492113435,0.0,2.0,6,1.2240311031743576,False,True,2.91240434126665,66,25.106790570080385,86.839,in_progress,0.0,0
35,14.0,3.5682725223076157,-1.8731683344665622,-39.712173662407245,5.0,2.1,8,1.2358183256675592,False,True,3.301456559345828,67,25.106790570080385,86.9,in_progress,0.0,0
35,15.0,3.6569493107351456,-1.9357679694234182,-37.90530425436925,-2.5,2.3,2,1.246005926078568,False,True,3.6900888911785223,67,25.106790570080385,86.968,in_progress,0.0,0
35,16.0,3.7524666189135245,-2.0039300962576676,-36.97055054503433,0.0,2.4,3,1.251831063843519,False,False,4.029297021496303,67,25.106790570080385,87.044,in_progress,0.0,0
35,17.0,3.8636860629064076,-2.081180664980217,-35.94875774476365,5.0,2.1,8,1.26481096373026,False,False,4.501786383414419,68,25.106790570080385,87.099,in_progress,0.0,0
35,18.0,3.97172704058821,-2.1488740534370576,-34.243947681029496,12.5,1.8,13,1.2754299374956957,False,False,4.957738874922524,68,25.106790570080385,87.164,in_progress,0.0,0
35,19.0,4.098264697046405,-2.2175913430592304,-31.357543513420776,5.0,2.1,8,1.2811479866753395,False,False,5.341811746831448,68,25.106790570080385,87.233,in_progress,0.0,0
35,20.0,4.231936518734975,-2.280107696940436,-28.235281356612408,12.5,1.8,13,0.001,True,False,5.8826193876328485,69,25.106790570080385,87.299,off_track,0.0,0
36,1.0,4.17065462082646,-1.6943571130754695,-5.9334905109203815,-7.5,2.0,0,0.0,False,True,0.5569695560090349,68,25.106790570080385,87.436,prepare,0.0,0
36,2.0,4.170517335830301,-1.6943365096969916,-5.9489503194659115,0.0,2.3,4,1.2782101065042009,False,True,0.5564202130084017,68,25.106790570080385,87.498,in_progress,0.0,0
36,3.0,4.17680604214013,-1.6942615932091707,-5.770592747084099,10.0,1.6,10,1.1938140745844308,False,True,0.5814422237532924,68,25.106790570080385,87.559,in_progress,0.0,0
36,4.0,4.197469799337004,-1.693306720350628,-5.103900582909686,10.0,1.7,11,1.1828866582007926,False,True,0.6635619760259059,69,25.106790570080385,87.631,in_progress,0.0,0
36,5.0,4.241346507203877,-1.6881662143711869,-2.9770299965453373,7.5,2.0,9,1.3170396847526167,False,True,0.8374979487127399,69,25.106790570080385,87.704,in_progress,0.0,0
36,6.0,4.2909101009924395,-1.6843402718659413,-1.5148444113860986,0.0,2.3,4,1.427851886074198,False,True,1.0342541988203835,69,25.106790570080385,87.753,in_progress,0.0,0
36,7.0,4.346569490330908,-1.6797315471880108,-0.1813218235546324,0.0,2.3,4,1.1807925828838375,False,True,1.2655480801868624,69,25.106790570080385,87.83,in_progress,0.0,0
36,8.0,4.423348944548555,-1.6747294651347417,0.9898665762340876,12.5,1.6,12,1.1962418671163548,False,True,1.569934936930839,69,25.106790570080385,87.892,in_progress,0.0,0
36,9.0,4.522786715345247,-1.6558680444188913,4.694674394994634,2.5,2.2,7,1.2192276444523862,False,True,1.9730488000714752,70,25.106790570080385,87.963,in_progress,0.0,0
36,10.0,4.6054861169886125,-1.6371145525689514,7.315428765316508,10.0,1.6,10,1.2310510704103053,False,True,2.3105107041030526,70,25.106790570080385,88.036,in_progress,0.0,0
36,11.0,4.727995077440189,-1.6056305169955056,10.45732854668293,10.0,1.6,10,1.2553504372278899,False,True,2.808854809506789,70,25.106790570080385,88.1,in_progress,0.0,0
36,12.0,4.833273456733699,-1.569992100968807,13.823986096735773,12.5,1.6,12,1.2696379202650507,False,True,3.2356550431806075,71,25.106790570080385,88.166,in_progress,0.0,0
36,13.0,4.922000413585166,-1.5329485398943252,17.01045746322887,15.0,1.2,14,1.2777696687354076,False,True,3.6110056935602985,71,25.106790570080385,88.237,in_progress,0.0,0
36,14.0,5.02516269517318,-1.4769907926719779,21.88272821983583,0.0,2.4,3,1.2756329949804475,False,True,3.858861929726265,71,25.106790570080385,88.302,in_progress,0.0,0
36,15.0,5.116942106180902,-1.428540931036453,24.065112726360613,0.0,2.4,3,1.2794832411356718,False,True,4.192248617035077,71,25.106790570080385,88.377,in_progress,0.0,0
36,16.0,5.237927364704823,-1.3682272612562139,25.12139273835999,0.0,2.2,5,1.288687180922493,False,True,4.6189948947598864,72,25.106790570080385,88.438,in_progress,0.0,0
36,17.0,5.339861758195675,-1.3179193888885925,25.580603865128587,12.5,1.8,13,1.285240887285256,False,True,4.8490950838493525,72,25.106790570080385,88.501,in_progress,0.0,0
36,18.0,5.457587196389588,-1.2457567394802145,28.466176639498663,12.5,1.6,12,1.2693941713249641,False,False,4.8490950838493525,72,25.106790570080385,88.565,in_progress,0.0,0
36,19.0,5.553452037624796,-1.1735923651613454,32.16037999554286,-5.0,2.2,1,1.2611538778206624,False,False,4.9619236785925835,72,25.106790570080385,88.629,in_progress,0.0,0
36,20.0,5.654477753599784,-1.1029905973749778,33.230238631854384,10.0,1.6,10,0.001,True,False,5.244770575094915,72,25.106790570080385,88.695,off_track,0.0,0
37,1.0,5.024366742680313,-1.021726690106806,89.72459394869975,12.5,1.8,13,0.0,False,True,0.5581909380664385,73,25.106790570080385,88.827,prepare,0.0,0
37,2.0,5.024256039147282,-1.021870068979959,89.765997745923,15.0,1.2,14,1.2788090329769954,False,True,0.5576180659539909,73,25.106790570080385,88.907,in_progress,0.0,0
37,3.0,5.021748641772971,-1.0117790429311448,90.39643759889964,2.5,2.2,7,1.1992564534993007,False,True,0.5977693604979017,73,25.106790570080385,88.967,in_progress,0.0,0
37,4.0,5.020883103744574,-0.9885825984458468,90.53606152351314,0.0,2.4,3,1.1725364070667645,False,True,0.6901456282670582,73,25.106790570080385,89.037,in_progress,0.0,0
37,5.0,5.019265888947516,-0.9535166211552693,90.80267419473228,0.0,2.4,3,1.1659570918976638,False,True,0.8297854594883192,73,25.106790570080385,89.104,in_progress,0.0,0
37,6.0,5.017760949457513,-0.8917993683639067,90.98059850016594,0.0,2.2,5,1.1797723271289409,False,True,1.0786339627736452,73,25.106790570080385,89.166,in_progress,0.0,0
37,7.0,5.017726158532622,-0.8320806620597895,90.71836007846757,-7.5,2.0,0,1.1878647382824157,False,True,1.3150531679769095,73,25.106790570080385,89.23,in_progress,0.0,0
37,8.0,5.0197086825626815,-0.7520335405092697,89.97451964832379,15.0,1.6,16,1.203882199062369,False,True,1.6310575924989523,73,25.106790570080385,89.29,in_progress,0.0,0
37,9.0,5.020929127553332,-0.6619848820332106,89.65673763687556,10.0,1.7,11,1.2207766163915492,False,True,1.986989547523943,74,25.106790570080385,89.363,in_progress,0.0,0
37,10.0,5.001567103425873,-0.5457530495673821,93.8439339711372,0.0,2.4,3,1.6993743676065842,False,True,2.4558559168038285,74,25.106790570080385,89.429,in_progress,0.0,0
37,11.0,4.976151824217703,-0.43892877513417383,97.61518215495879,0.0,2.4,3,1.2627009514764558,False,True,2.8897104662410134,75,25.106790570080385,89.5,in_progress,0.0,0
37,12.0,4.950079718872205,-0.31580605284939245,99.50394911225132,0.0,2.4,3,1.2823658199540353,False,True,3.3883898394484246,75,25.106790570080385,89.568,in_progress,0.0,0
37,13.0,4.915825378020779,-0.17272787355691793,101.42948344074831,2.5,2.2,7,1.9021305786809437,False,True,3.9700659715773967,75,25.106790570080385,89.64,in_progress,0.0,0
37,14.0,4.873334505877888,-0.0286300447065988,104.03353665310266,2.5,2.2,7,1.4544758452055204,False,True,4.559232417599235,76,25.106790570080385,89.699,in_progress,0.0,0
37,15.0,4.826785251320088,0.10961884939570307,106.28513780664223,5.0,2.1,8,2.433735715459543,False,True,5.123244627472056,76,25.106790570080385,89.769,in_progress,0.0,0
37,16.0,4.768626115502596,0.2490161399193596,109.53861717455439,12.5,1.6,12,1.7346676910232302,False,True,5.698845252976692,77,25.106790570080385,89.831,in_progress,0.0,0
37,17.0,4.715851982870844,0.35061403818078285,112.81800258177225,2.5,2.2,7,2.6121029956032924,False,True,6.153211730345909,77,25.106790570080385,89.901,in_progress,0.0,0
37,18.0,4.647468619147106,0.4916866202353828,114.28155736912998,10.0,1.6,10,2.175690244783889,False,True,6.748531726511187,78,25.106790570080385,89.968,in_progress,0.0,0
37,19.0,4.586863220066387,0.6109343507539664,115.55327877712999,5.0,2.1,8,2.3813031934277693,False,True,7.263568700216327,78,25.106790570080385,90.035,in_progress,0.0,0
37,20.0,4.517543514070316,0.737616915493212,117.03800711711365,12.5,1.6,12,2.3167434822235595,False,True,7.80465297741827,79,25.106790570080385,90.106,in_progress,0.0,0
37,21.0,4.44639468188712,0.8496670789203887,119.60231041327626,2.5,2.2,7,1.6437327353297746,False,False,8.534450526890346,79,25.106790570080385,90.172,in_progress,0.0,0
37,22.0,4.377726173959156,0.956694110846671,120.90355073895665,10.0,1.6,10,1.8052394163383918,False,False,9.02575361956771,80,25.106790570080385,90.235,in_progress,0.0,0
37,23.0,4.3171723376285405,1.0510784178912798,121.58575538369749,0.0,2.0,6,1.4488649594062584,False,False,10.323894066343941,81,25.106790570080385,90.306,in_progress,0.0,0
37,24.0,4.246316823653153,1.1776228122355519,120.27706022233006,0.0,2.0,6,1.474100985151378,False,False,11.378423643633074,82,25.106790570080385,90.358,in_progress,0.0,0
37,25.0,4.197283727390413,1.290089782064484,117.26997647008842,7.5,2.0,9,1.4672627755022982,False,False,11.681569387557456,82,25.106790570080385,90.44,in_progress,0.0,0
37,26.0,4.1472919987882415,1.4048495620675265,115.62547430487994,10.0,1.7,11,1.4633839571843605,False,True,12.047982886793374,82,25.106790570080385,90.497,in_progress,0.0,0
37,27.0,4.092684716956117,1.5153123370741468,115.96546843418176,15.0,1.2,14,1.4548205727921903,False,True,12.280155465389143,82,25.106790570080385,90.567,in_progress,0.0,0
37,28.0,4.031182838535928,1.6168359004904436,118.22108932507658,0.0,2.2,5,1.4478062951420032,False,True,12.538576263976086,83,25.106790570080385,90.64,in_progress,0.0,0
37,29.0,3.955841625002022,1.7315019010971373,120.42728896435187,5.0,2.1,8,1.443236140821727,False,True,12.853848083830076,83,25.106790570080385,90.697,in_progress,0.0,0
37,30.0,3.9058535880856167,1.8210153128966557,119.91562790613494,0.0,2.3,4,1.4354942230431853,False,True,13.064826691295561,83,25.106790570080385,90.778,in_progress,0.0,0
37,31.0,3.8362638723995404,1.9540822987843838,118.68981334735768,7.5,2.0,9,1.4285892690273503,False,False,13.286267339847857,83,25.106790570080385,90.826,in_progress,0.0,0
37,32.0,3.7761075106715665,2.0660843260431325,118.48988003469618,-7.5,2.0,0,1.4226162934749071,False,False,13.52372139119703,83,25.106790570080385,90.906,in_progress,0.0,0
37,33.0,3.704659882598494,2.195173309271903,118.58591043619262,15.0,1.6,16,0.001,True,False,13.805820619882258,84,25.106790570080385,90.963,off_track,0.0,0
38,1.0,4.903120209309421,0.22720524305681972,95.7248819216936,2.5,2.2,7,0.0,False,True,0.5588348925826714,77,25.106790570080385,91.095,prepare,0.0,0
38,2.0,4.903151343943312,0.2269013270136902,95.73966240132461,12.5,1.6,12,1.6062779487350047,False,True,0.5576180659539909,77,25.106790570080385,91.168,in_progress,0.0,0
38,3.0,4.902285583866925,0.2348619130298657,95.68533496146287,0.0,2.4,3,1.5578582255099303,False,True,0.58951087050928,77,25.106790570080385,91.235,in_progress,0.0,0
38,4.0,4.896492192664911,0.2599434275766173,96.39919905688642,10.0,1.6,10,1.6594406366310483,False,True,0.6912170558631914,77,25.106790570080385,91.295,in_progress,0.0,0
38,5.0,4.882668656633624,0.2988761683215271,98.58873013776528,0.0,2.4,3,2.0685182136316174,False,True,0.8510145659681112,77,25.106790570080385,91.349,in_progress,0.0,0
38,6.0,4.871035343272165,0.3463610283256465,99.58648591816464,0.0,2.2,5,1.1745389817786474,False,True,1.0472338906718837,77,25.106790570080385,91.441,in_progress,0.0,0
38,7.0,4.854973553236117,0.4209841091026505,100.29448666388436,-5.0,2.2,1,1.1929397300012847,False,True,1.350578110008993,77,25.106790570080385,91.495,in_progress,0.0,0
38,8.0,4.8403869399177815,0.5014055468575289,100.25173626432377,10.0,1.6,10,1.2094908968853808,False,True,1.6759271750830473,78,25.106790570080385,91.561,in_progress,0.0,0
38,9.0,4.812534667116538,0.5973498318628842,102.446992290364,0.0,2.0,6,1.4827680098303402,False,True,2.070082562684994,78,25.106790570080385,91.624,in_progress,0.0,0
38,10.0,4.785728709165456,0.6942680859227579,103.46194510160265,15.0,1.6,16,1.2469506875489524,False,True,2.4695068754895244,78,25.106790570080385,91.695,in_progress,0.0,0
38,11.0,4.7499514398444385,0.8025336270444519,105.42730433786726,15.0,1.2,14,1.2652301370715886,False,True,2.917531507787474,79,25.106790570080385,91.766,in_progress,0.0,0
38,12.0,4.703450395965467,0.9024489336788087,109.24432188744086,15.0,1.2,14,1.2838966111143177,False,True,3.4067593333718116,79,25.106790570080385,91.845,in_progress,0.0,0
38,13.0,4.646473138495208,0.9936375325670592,114.29031950580863,15.0,1.2,14,1.294108601902619,False,True,3.8234118247340465,79,25.106790570080385,91.904,in_progress,0.0,0
38,14.0,4.599163763669314,1.0568593002571716,118.08669411291221,15.0,1.2,14,1.3115146131272166,False,True,4.122208448749531,80,25.106790570080385,91.971,in_progress,0.0,0
38,15.0,4.535097046245333,1.1266255562701637,123.14705081388554,0.0,2.3,4,1.3236620429983177,False,True,4.854930644974765,80,25.106790570080385,92.041,in_progress,0.0,0
38,16.0,4.469779265405539,1.1993450105198933,126.22421040514479,10.0,1.7,11,1.327535991456228,False,True,5.240575863299646,81,25.106790570080385,92.104,in_progress,0.0,0
38,17.0,4.402343091996759,1.2702155786928029,128.99167921681283,10.0,1.7,11,1.3453918910251041,False,True,5.87166214742677,81,25.106790570080385,92.165,in_progress,0.0,0
38,18.0,4.311542042710124,1.3455527400957052,133.72411364224317,10.0,1.6,10,1.3498845259156984,False,True,6.2979214664825705,82,25.106790570080385,92.235,in_progress,0.0,0
38,19.0,4.221820311816057,1.4077664155045455,138.28985547953812,2.5,2.2,7,1.3529834328505048,False,True,6.7066852241595925,82,25.106790570080385,92.301,in_progress,0.0,0
38,20.0,4.1239708248213285,1.4704498672791633,142.0612852813074,0.0,2.2,5,1.3574802432420843,False,True,7.1496048648416854,82,25.106790570080385,92.37,in_progress,0.0,0
38,21.0,4.019082081096089,1.5336313644103978,145.0174666484821,15.0,1.4,15,1.360742934089294,False,True,7.575601615875172,83,25.106790570080385,92.424,in_progress,0.0,0
38,22.0,3.9101341664178304,1.590261045336981,148.35285497676082,10.0,1.6,10,1.371962349711666,False,True,8.016879284532063,83,25.106790570080385,92.494,in_progress,0.0,0
38,23.0,3.7950538813137196,1.638922132011828,152.2304679803387,10.0,1.7,11,1.3676713226700543,False,True,8.456440421411248,83,25.106790570080385,92.564,in_progress,0.0,0
38,24.0,3.6880684997248445,1.674243654594675,156.1017379104065,15.0,1.2,14,1.400436056015732,False,True,8.88188029078264,84,25.106790570080385,92.631,in_progress,0.0,0
38,25.0,3.5799169094509327,1.695372755592408,161.3783044090518,12.5,1.6,12,1.4317985555262254,False,True,9.312918692684114,84,25.106790570080385,92.704,in_progress,0.0,0
38,26.0,3.46757324166598,1.707003937308692,166.55339177441843,-5.0,2.2,1,1.8431078677390456,False,True,9.760191122514716,85,25.106790570080385,92.762,in_progress,0.0,0
38,27.0,3.357439079046599,1.7198979991292243,169.2020449754428,-7.5,2.0,0,1.742473328701399,False,True,10.198642870656457,0,25.106790570080385,92.836,in_progress,0.0,0
38,28.0,3.2411143427443188,1.751726103847707,167.11589052462105,2.5,2.2,7,1.4745008891603482,False,True,10.654189665485973,1,25.106790570080385,92.901,in_progress,0.0,0
38,29.0,3.1283007755709145,1.7857443154864594,165.4476926621304,0.0,2.4,3,1.3828300972567944,False,True,11.102072820447034,2,25.106790570080385,92.962,in_progress,0.0,0
38,30.0,2.987433261301982,1.8274409674285588,164.34946205453352,5.0,2.1,8,1.3887122070085056,False,False,11.661366210255167,3,25.106790570080385,93.03,in_progress,0.0,0
38,31.0,2.8576525713939036,1.8649338489079725,164.15886310221484,10.0,1.7,11,1.3941999579336817,False,False,12.220198695944134,3,25.106790570080385,93.109,in_progress,0.0,0
38,32.0,2.711165279237812,1.897245841678457,165.89621825361482,7.5,2.0,9,1.4001800689053527,False,False,12.805762204971288,4,25.106790570080385,93.167,in_progress,0.0,0
38,33.0,2.5879631669783967,1.9167550755499032,168.1520182070664,2.5,2.2,7,1.401414879467404,False,False,13.24669102242433,4,25.106790570080385,93.238,in_progress,0.0,0
38,34.0,2.449825563584917,1.9420827759111343,168.76425841409343,10.0,1.6,10,1.4057949115331512,False,False,13.79565424641099,5,25.106790570080385,93.301,in_progress,0.0,0
38,35.0,2.3277464111308728,1.956450652028046,170.83262834019655,5.0,2.1,8,1.4107985109124586,False,False,14.366422798824416,5,25.106790570080385,93.364,in_progress,0.0,0
38,36.0,2.184127056839347,1.9672425637361477,173.24606019879405,5.0,2.1,8,0.001,True,False,14.939542213615454,6,25.106790570080385,93.441,off_track,0.0,0
39,1.0,4.505505349147355,1.3652528022215211,139.80570591859134,0.0,2.4,3,0.0,False,True,0.5582514693192375,81,25.106790570080385,93.574,prepare,0.0,0
39,2.0,4.505607053876397,1.3651267615047635,139.81563290674504,15.0,1.2,14,1.4217506201800594,False,True,0.5576180659539909,81,25.106790570080385,93.633,in_progress,0.0,0
39,3.0,4.500880508816447,1.368355481368657,139.95161448873083,10.0,1.6,10,1.4463275836819012,False,True,0.580298295468129,81,25.106790570080385,93.696,in_progress,0.0,0
39,4.0,4.48397903242864,1.3771567372355167,140.9654368283082,0.0,2.3,4,1.369735567785215,False,True,0.6543470290841347,81,25.106790570080385,93.76,in_progress,0.0,0
39,5.0,4.456981911764722,1.396983383760417,141.30737233926683,0.0,2.2,5,1.213154237215175,False,True,0.7900913451705294,81,25.106790570080385,93.825,in_progress,0.0,0
39,6.0,4.411849999091545,1.4298936240846118,141.82783895748057,0.0,2.2,5,1.2312044288865762,False,True,0.9973500734003382,81,25.106790570080385,93.892,in_progress,0.0,0
39,7.0,4.361513515469774,1.4671717467438132,142.22284789265646,17.5,1.6,17,1.2197312301114351,False,True,1.2290917966294002,81,25.106790570080385,93.961,in_progress,0.0,0
39,8.0,4.297796006354405,1.5023135089516484,144.66184322431658,2.5,2.2,7,1.3287488274474022,False,True,1.5101939132953213,82,25.106790570080385,94.027,in_progress,0.0,0
39,9.0,4.216049391292601,1.5373203305734773,148.72480636182868,15.0,1.6,16,1.487202934931343,False,True,1.8605909890859973,82,25.106790570080385,94.099,in_progress,0.0,0
39,10.0,4.114804026805419,1.5728911758388342,153.36815714681583,5.0,2.1,8,1.4107895915870352,False,True,2.1998165834653416,82,25.106790570080385,94.162,in_progress,0.0,0
39,11.0,4.007593681713321,1.6039579299035784,157.5580581110659,10.0,1.6,10,1.637532196384451,False,True,2.6307535148172634,83,25.106790570080385,94.238,in_progress,0.0,0
39,12.0,3.8942911258119555,1.6307258342313486,161.3542629570235,15.0,1.4,15,1.4703539309805262,False,True,3.0853661191492354,83,25.106790570080385,94.301,in_progress,0.0,0
39,13.0,3.783443675632551,1.6470231253008936,165.62278972343873,12.5,1.6,12,1.6480192877768787,False,True,3.5025280200761566,83,25.106790570080385,94.366,in_progress,0.0,0
39,14.0,3.675434875876247,1.654240135352118,169.79101192633988,0.0,2.4,3,1.6034429504563084,False,True,3.9325823787850545,84,25.106790570080385,94.44,in_progress,0.0,0
39,15.0,3.5530142328433922,1.662755182251302,172.37046142316711,12.5,1.6,12,1.634999960055031,False,True,4.420595759324797,84,25.106790570080385,94.507,in_progress,0.0,0
39,16.0,3.4362733958891014,1.6691923406550435,174.2827235616872,0.0,2.2,5,1.8056057763226587,False,True,4.885465503625586,85,25.106790570080385,94.57,in_progress,0.0,0
39,17.0,3.2999588898823324,1.6769611799974757,175.28778612002228,0.0,2.2,5,2.219497498856412,False,True,5.428274832625931,1,25.106790570080385,94.634,in_progress,0.0,0
39,18.0,3.193766747327657,1.6847367377093898,175.4486120293175,10.0,1.6,10,1.9295022931075665,False,True,5.845573732464956,2,25.106790570080385,94.696,in_progress,0.0,0
39,19.0,3.0683515628144487,1.687955847443015,176.8802137707681,10.0,1.7,11,1.996812643172825,False,True,6.34493796512524,2,25.106790570080385,94.76,in_progress,0.0,0
39,20.0,2.9350783048970914,1.6769478789699725,-179.40469089213684,-7.5,2.0,0,2.716507572570711,False,True,6.8991095924608885,3,25.106790570080385,94.824,in_progress,0.0,0
39,21.0,2.817207733507735,1.6689113007505345,-178.10519986691241,15.0,1.6,16,2.2297988812195064,False,True,7.367973400879862,4,25.106790570080385,94.898,in_progress,0.0,0
39,22.0,2.6978792175597444,1.665492425915143,-178.15030078240525,10.0,1.7,11,2.6518881202998674,False,True,7.842956487927893,4,25.106790570080385,94.965,in_progress,0.0,0
39,23.0,2.577564241736314,1.6496477118754331,-175.6845377938616,-5.0,2.2,1,3.9651861320614024,False,True,8.300742477842022,4,25.106790570080385,95.027,in_progress,0.0,0
39,24.0,2.447181491898783,1.6322377901616607,-174.3620219557282,15.0,1.4,15,2.5652953536076604,False,True,8.820842122998656,5,25.106790570080385,95.099,in_progress,0.0,0
39,25.0,2.3279244758990356,1.6178423120006102,-173.81722913190805,-2.5,2.3,2,5.178383282933033,False,True,9.32239338909298,5,25.106790570080385,95.163,in_progress,0.0,0
39,26.0,2.2035328235727456,1.604698200975879,-174.04029053369786,-2.5,2.3,2,5.342534774309043,False,True,9.815906346702292,6,25.106790570080385,95.238,in_progress,0.0,0
39,27.0,2.05928685180066,1.5958460095052842,-175.29428331313548,10.0,1.6,10,3.2130602430755317,False,True,10.478857875783646,6,25.106790570080385,95.306,in_progress,0.0,0
39,28.0,1.9226644952861949,1.5862359638661214,-175.61156934389248,-2.5,2.3,2,5.045706609101229,False,True,11.000112904233788,7,25.106790570080385,95.37,in_progress,0.0,0
39,29.0,1.8032692331829334,1.5764125719301438,-175.61960379376427,2.5,2.2,7,5.0161099859183675,False,True,11.454352405365668,7,25.106790570080385,95.439,in_progress,0.0,0
39,30.0,1.6646989942220694,1.5679063696983997,-176.06173914660025,7.5,2.0,9,3.9756187132203333,False,True,11.980061093864919,7,25.106790570080385,95.5,in_progress,0.0,0
39,31.0,1.5201019031684047,1.5498377788197912,-174.47303676863504,0.0,2.4,3,6.357232446271823,False,True,12.501498756167479,8,25.106790570080385,95.566,in_progress,0.0,0
39,32.0,1.3896365493836542,1.5303026628994463,-173.18953584484015,-2.5,2.3,2,2.1418344575049764,False,True,13.108341802135442,8,25.106790570080385,95.638,in_progress,0.0,0
39,33.0,1.2372808793032517,1.5140880758390305,-173.62052797140117,12.5,1.6,12,1.806205211796709,False,True,13.709912743073389,9,25.106790570080385,95.7,in_progress,0.0,0
39,34.0,1.10788191145304,1.4981556248786836,-173.33048830575,0.0,2.3,4,2.3797780157939576,False,True,14.47770988469432,9,25.106790570080385,95.766,in_progress,0.0,0
39,35.0,0.9655532492169737,1.4786479758397009,-172.8847032306232,-7.5,2.0,0,1.9392708880298406,False,True,15.035832370962893,10,25.106790570080385,95.835,in_progress,0.0,0
39,36.0,0.8309822845862527,1.4693476723422216,-174.39491398165126,0.0,2.0,6,2.5155482192717527,False,True,15.514641072267665,10,25.106790570080385,95.906,in_progress,0.0,0
39,37.0,0.6769378091253997,1.4588956160828292,-175.3172483354741,-2.5,2.3,2,2.797675153792758,False,True,16.122263268791684,11,25.106790570080385,95.962,in_progress,0.0,0
39,38.0,0.5401335311193429,1.453811423837114,-176.58700077958622,0.0,2.0,6,3.0943573078852227,False,True,16.642668219224106,11,25.106790570080385,96.033,in_progress,0.0,0
39,39.0,0.4116897192823883,1.4515070089925188,-177.63754795128364,-2.5,2.3,2,3.4835939640109346,False,True,17.153140473519144,12,25.106790570080385,96.097,in_progress,0.0,0
39,40.0,0.25824794014417746,1.448097374522126,-178.31393304974014,-2.5,2.3,2,3.7107576298895126,False,True,17.7580023091749,12,25.106790570080385,96.168,in_progress,0.0,0
39,41.0,0.12706115224507236,1.451317995508625,-179.78375759414206,7.5,2.0,9,3.0784833589542595,False,True,18.280397277143393,13,25.106790570080385,96.237,in_progress,0.0,0
39,42.0,-0.03331010443798438,1.4519923739848486,-179.9464199252652,0.0,2.4,3,4.053059659186638,False,True,18.917810609432195,13,25.106790570080385,96.294,in_progress,0.0,0
39,43.0,-0.16852541133145305,1.4433245062157871,-178.24306014596937,0.0,2.4,3,4.007215611077518,False,True,19.455668589314868,14,25.106790570080385,96.368,in_progress,0.0,0
39,44.0,-0.3363330442001081,1.431301455378973,-176.94057177564338,0.0,2.4,3,3.480554957557289,False,True,20.125750828967497,14,25.106790570080385,96.432,in_progress,0.0,0
39,45.0,-0.47305403784019884,1.420038621003017,-176.174829923997,-2.5,2.3,2,2.981702855860365,False,True,20.67028074950113,15,25.106790570080385,96.499,in_progress,0.0,0
39,46.0,-0.6406392748336712,1.4076256628279584,-176.0694802894641,12.5,1.8,13,2.1698332802091977,False,True,21.337862264612298,15,25.106790570080385,96.572,in_progress,0.0,0
39,47.0,-0.7848852525885579,1.394870444368568,-175.48849555069944,-2.5,2.3,2,2.6920145344397,False,True,21.91238555953933,16,25.106790570080385,96.63,in_progress,0.0,0
39,48.0,-0.9360701714871464,1.3777081803661444,-174.58695643769596,15.0,1.4,15,1.7740478064092344,False,True,22.513449411982805,16,25.106790570080385,96.703,in_progress,0.0,0
39,49.0,-1.0706686262168537,1.360522240334283,-173.69959608186915,-2.5,2.3,2,2.157238076393284,False,True,23.04933832069534,17,25.106790570080385,96.756,in_progress,0.0,0
39,50.0,-1.198559291092913,1.3436128645910117,-173.24583893481915,15.0,1.2,14,1.6311295000000945,False,True,23.558513739992748,17,25.106790570080385,96.838,in_progress,0.0,0
39,51.0,-1.3308055604323756,1.3200380696449954,-171.6774781235976,15.0,1.6,16,1.5609748297622488,False,True,24.084377793972223,17,25.106790570080385,96.9,in_progress,0.0,0
39,52.0,-1.440075666293466,1.292442583591152,-169.2214646071924,0.0,2.4,3,1.471522104383467,False,True,24.519149427940278,18,25.106790570080385,96.971,in_progress,0.0,0
39,53.0,-1.5619012796225478,1.254013946441572,-166.1604101764077,15.0,1.6,16,2.7488169070444917,False,True,25.00279764666206,18,25.106790570080385,97.031,in_progress,0.0,0
39,54.0,-1.6808289807749373,1.2046302322545308,-162.15553989607147,10.0,1.7,11,2.971634356572215,False,True,25.475464219970277,19,25.106790570080385,97.105,in_progress,0.0,0
39,55.0,-1.7809568904029596,1.1515824588897179,-158.0173399402403,5.0,2.1,8,2.874269817970509,False,True,25.873177206599934,19,25.106790570080385,97.163,in_progress,0.0,0
39,56.0,-1.8801111869084295,1.0891195045263682,-153.65295447621332,15.0,1.2,14,1.4728809231256403,False,False,26.2638060279985,19,25.106790570080385,97.244,in_progress,0.0,0
39,57.0,-1.989321891288963,1.0052322573746888,-148.17370544391315,7.5,2.0,9,1.4798342729243832,False,False,26.696400008827382,20,25.106790570080385,97.3,in_progress,0.0,0
39,58.0,-2.0703841885113015,0.9282195250941191,-143.3746590560309,7.5,2.0,9,1.4788727426730726,False,False,27.017077132679006,20,25.106790570080385,97.367,in_progress,0.0,0
39,59.0,-2.145178794680257,0.8406052374315847,-137.97969696833093,0.0,2.0,6,0.001,True,False,27.308890180281864,20,25.106790570080385,97.431,off_track,0.0,0
